id1,id2,wight
1946,686,172
5000,2712,152
1946,4819,120
4819,5299,65
864,3271,59
1946,1108,43
1946,5694,36
2585,2972,35
1946,694,31
1946,695,31
1946,1875,31
1946,1969,30
1946,4197,30
1946,5373,29
4047,5858,29
991,3271,28
3346,3354,28
2503,3235,27
3075,3235,27
2866,3235,25
1428,244,23
1428,245,23
4862,3235,23
1946,2811,22
1946,2901,21
2730,5294,21
2730,5295,21
3346,3367,21
354,3129,20
1329,897,20
3733,3235,20
3733,3271,20
4047,5662,20
4819,2878,20
994,4476,19
994,5214,18
2712,1005,18
3840,1097,18
4368,3235,18
19,5533,17
432,3271,17
2379,3235,17
432,1155,16
244,5756,15
1501,4550,15
1946,1097,15
1946,1934,15
1946,5146,15
3940,1120,15
3955,5276,15
19,5667,14
1097,414,14
1946,572,14
2210,407,14
2752,1383,14
2903,719,14
4068,1011,14
1312,3840,13
1428,4993,13
1946,4182,13
2223,1946,13
2379,1304,13
2752,3852,13
3577,820,13
4047,200,13
4047,2903,13
4047,5443,13
4325,4819,13
5214,5540,13
5242,2413,13
1501,1383,12
1946,1971,12
2235,2599,12
2235,3690,12
2974,3235,12
3588,1771,12
4993,2975,12
5305,3577,12
686,3229,11
686,4902,11
1501,2610,11
1946,604,11
1946,1687,11
1946,4239,11
3840,1059,11
5242,415,11
5543,3235,11
686,1480,10
686,4242,10
1293,3235,10
1428,5747,10
1428,1491,10
1428,2958,10
1428,5029,10
1428,2460,10
1439,3129,10
1966,4799,10
2189,3235,10
3657,3235,10
4047,2977,10
4168,3129,10
4652,5379,10
5242,640,10
244,1011,9
686,2330,9
686,3315,9
864,4388,9
973,4020,9
1312,1343,9
1312,5029,9
1329,532,9
1329,991,9
1428,4485,9
1428,5893,9
1428,1686,9
1745,3235,9
1946,119,9
1946,2125,9
2681,5675,9
2681,5676,9
2903,1795,9
3346,2933,9
5242,2368,9
432,1823,8
1289,3092,8
1428,2028,8
1428,3505,8
1626,3602,8
1946,932,8
1946,1662,8
1946,2046,8
1946,2746,8
1946,5544,8
2235,3340,8
2752,3499,8
3346,4979,8
3840,4743,8
4068,3010,8
4325,3129,8
4769,3235,8
4819,2356,8
19,82,7
19,4348,7
30,4712,7
244,5016,7
686,1158,7
686,3225,7
820,1097,7
1626,4668,7
1800,3235,7
1946,2928,7
1966,5004,7
2154,2833,7
2174,1120,7
2224,2225,7
2730,556,7
2730,3830,7
2730,4332,7
2730,5299,7
2903,2365,7
2903,3271,7
3257,3984,7
3346,613,7
3346,1869,7
3358,3235,7
3797,3239,7
4047,1626,7
4047,2801,7
4047,5469,7
4652,5835,7
4669,5775,7
4819,2921,7
5276,508,7
5299,3061,7
5375,2632,7
5630,4615,7
19,2511,6
19,5590,6
30,2854,6
161,3285,6
264,4669,6
414,4578,6
432,856,6
686,5624,6
686,2946,6
991,397,6
994,5765,6
1097,2944,6
1312,1477,6
1428,5648,6
1428,1972,6
1428,2597,6
1428,3867,6
1501,1718,6
1501,5109,6
1600,3129,6
1626,431,6
1946,838,6
1946,1950,6
1946,2990,6
1946,3399,6
1946,4164,6
1946,4673,6
1946,4810,6
1946,5531,6
2235,2814,6
2235,2236,6
2363,3235,6
2712,1672,6
2752,4333,6
3090,2941,6
3155,1235,6
3155,2672,6
3155,4964,6
3184,2098,6
3271,2980,6
3340,5883,6
3346,1696,6
3577,1782,6
3577,1783,6
3840,1506,6
3840,2105,6
4047,1182,6
4047,5791,6
4047,3745,6
4047,5856,6
4047,4027,6
4047,4044,6
4047,4140,6
4068,333,6
4413,5681,6
4669,2146,6
4757,820,6
4819,3825,6
5331,3679,6
5533,166,6
5533,1014,6
5775,653,6
5775,1771,6
5775,4485,6
5809,1415,6
19,5246,5
30,487,5
30,1237,5
30,2102,5
348,4814,5
354,3014,5
432,449,5
432,1497,5
685,1311,5
686,2032,5
686,4280,5
686,4672,5
864,5672,5
864,3481,5
905,366,5
973,2227,5
1288,1304,5
1312,5805,5
1329,185,5
1383,5792,5
1428,107,5
1428,3021,5
1428,5227,5
1428,1740,5
1501,2110,5
1501,3285,5
1583,5299,5
1626,1630,5
1667,3010,5
1740,5704,5
1946,1716,5
1946,2902,5
1946,4244,5
2037,5379,5
2142,403,5
2142,3164,5
2215,3271,5
2370,3271,5
2503,2304,5
2585,2878,5
2825,2797,5
2903,1192,5
3346,1484,5
3346,1549,5
3346,3490,5
3346,5875,5
3346,5613,5
3577,2731,5
3577,4658,5
3577,4727,5
3797,3174,5
3821,1322,5
3840,1650,5
3840,2769,5
3890,3235,5
4020,628,5
4047,587,5
4047,811,5
4047,2267,5
4047,3919,5
4047,4026,5
4047,4724,5
4105,1972,5
4242,161,5
4413,4414,5
4413,4020,5
4561,175,5
4652,1234,5
4669,5495,5
4847,668,5
5170,5715,5
5170,3577,5
5214,5154,5
5228,3235,5
5331,1343,5
5375,432,5
5375,2883,5
5775,1888,5
1,5633,4
19,790,4
19,1452,4
19,1951,4
19,2098,4
19,3827,4
19,5239,4
19,5242,4
30,3577,4
161,3335,4
348,2647,4
348,2859,4
432,2623,4
436,435,4
523,1972,4
686,4616,4
686,5179,4
686,5541,4
820,11,4
860,3310,4
864,50,4
864,1801,4
973,3368,4
1114,1570,4
1134,2975,4
1151,3271,4
1176,5299,4
1261,3271,4
1312,888,4
1329,592,4
1329,1499,4
1382,166,4
1383,2220,4
1403,2752,4
1428,1364,4
1428,1470,4
1428,1664,4
1428,2911,4
1428,3782,4
1428,4151,4
1428,4217,4
1428,5418,4
1428,1,4
1441,3235,4
1442,4386,4
1501,731,4
1501,2168,4
1501,5375,4
1533,3235,4
1556,3654,4
1626,3099,4
1626,3617,4
1626,4029,4
1626,4510,4
1689,89,4
1868,432,4
1946,86,4
1946,5735,4
1946,3383,4
1946,3734,4
1946,3774,4
1946,3998,4
1966,5343,4
2015,4384,4
2037,5364,4
2235,75,4
2235,1324,4
2235,1915,4
2235,5729,4
2235,2238,4
2235,2400,4
2235,5065,4
2379,4592,4
2585,2816,4
2730,1797,4
2730,4318,4
2730,4899,4
2730,5422,4
2752,1575,4
2812,2511,4
2812,2814,4
2825,1133,4
2854,3624,4
2854,5030,4
2866,4024,4
2903,1732,4
2903,1751,4
2903,2123,4
2903,3049,4
2903,3247,4
2903,4138,4
2992,3018,4
3042,820,4
3042,3538,4
3042,3539,4
3042,4533,4
3090,1966,4
3140,1960,4
3155,3972,4
3346,725,4
3346,5677,4
3346,5708,4
3346,2423,4
3346,4376,4
3346,4550,4
3453,5160,4
3575,5868,4
3577,2747,4
3797,5364,4
3840,1013,4
3901,4059,4
3955,5075,4
4020,5836,4
4020,2501,4
4047,1314,4
4047,1833,4
4047,2772,4
4047,2865,4
4047,3736,4
4047,4246,4
4047,4601,4
4047,4602,4
4068,494,4
4068,4149,4
4074,244,4
4105,2887,4
4413,686,4
4413,5749,4
4423,4055,4
4533,1133,4
4539,30,4
4539,4299,4
4613,4669,4
4652,4536,4
4669,5051,4
4669,4897,4
4790,3129,4
4819,881,4
4819,1289,4
4847,11,4
5242,2688,4
5331,5734,4
5533,3876,4
5630,1566,4
5662,792,4
5662,3107,4
5662,3323,4
5693,3235,4
5775,873,4
5775,2922,4
1,4776,3
19,128,3
19,820,3
19,5768,3
29,5635,3
29,5885,3
29,2958,3
30,525,3
30,5629,3
30,5086,3
30,5187,3
30,5214,3
99,3271,3
204,2901,3
244,4951,3
244,5889,3
244,5890,3
348,2000,3
348,2125,3
348,4155,3
348,4812,3
348,5215,3
414,744,3
414,3308,3
432,3310,3
432,3984,3
432,4977,3
473,5010,3
574,864,3
686,117,3
686,194,3
686,1171,3
686,2352,3
686,2999,3
686,3361,3
686,3487,3
686,4018,3
686,4123,3
686,4881,3
704,3014,3
820,4295,3
864,278,3
864,279,3
864,2482,3
905,2562,3
973,5171,3
991,990,3
991,1203,3
1001,3271,3
1050,1304,3
1097,3018,3
1289,477,3
1289,865,3
1289,4340,3
1289,5008,3
1312,2935,3
1329,3820,3
1382,1378,3
1382,1379,3
1382,5809,3
1383,862,3
1403,2971,3
1428,1153,3
1428,1436,3
1428,1525,3
1428,2568,3
1428,5468,3
1428,5895,3
1428,5896,3
1428,5897,3
1428,2449,3
1501,27,3
1501,4371,3
1501,4390,3
1501,4400,3
1501,5513,3
1556,1343,3
1626,3824,3
1626,4921,3
1802,3271,3
1868,4611,3
1946,48,3
1946,679,3
1946,5754,3
1946,1161,3
1946,1162,3
1946,1539,3
1946,1796,3
1946,2705,3
1946,3178,3
1946,3698,3
1946,3923,3
1946,4153,3
1946,4196,3
1946,4952,3
1946,4986,3
1946,5266,3
1966,449,3
2015,3239,3
2015,3926,3
2015,5242,3
2135,4818,3
2135,5218,3
2210,1382,3
2210,4178,3
2235,3837,3
2235,3921,3
2330,2302,3
2336,2823,3
2379,1384,3
2379,4537,3
2429,864,3
2544,3129,3
2555,4669,3
2585,3026,3
2712,1983,3
2712,3148,3
2730,5831,3
2730,4059,3
2730,4405,3
2752,1009,3
2752,5536,3
2793,3129,3
2825,5726,3
2825,2851,3
2878,3332,3
2903,5692,3
2903,3006,3
2903,3785,3
2903,4437,3
2903,4457,3
2903,4503,3
2903,5517,3
2973,2814,3
3013,5227,3
3060,3235,3
3090,3469,3
3129,2263,3
3155,2373,3
3155,2511,3
3155,3555,3
3155,5396,3
3184,3136,3
3249,2432,3
3251,4956,3
3346,5673,3
3346,2087,3
3346,2318,3
3346,3835,3
3346,4198,3
3577,1180,3
3577,1728,3
3577,4362,3
3577,5487,3
3588,3101,3
3588,3292,3
3733,2540,3
3773,4669,3
3840,515,3
3840,949,3
3840,1960,3
3840,3812,3
3840,4829,3
3840,4830,3
3876,2997,3
3899,1289,3
3955,4087,3
3955,4411,3
4020,1463,3
4020,4005,3
4036,2432,3
4047,189,3
4047,1021,3
4047,1551,3
4047,1671,3
4047,2033,3
4047,2737,3
4047,2786,3
4047,3236,3
4047,3355,3
4047,3414,3
4047,3417,3
4047,3442,3
4047,3746,3
4047,3747,3
4047,4011,3
4047,4023,3
4047,4147,3
4047,4260,3
4047,4527,3
4047,5473,3
4055,2966,3
4068,1840,3
4068,3857,3
4068,3971,3
4068,4958,3
4068,5042,3
4325,2014,3
4325,5630,3
4344,4197,3
4367,3235,3
4652,1020,3
4652,1603,3
4652,1857,3
4652,2344,3
4652,4646,3
4669,1955,3
4776,5771,3
4776,4677,3
4819,2608,3
4819,3608,3
5000,5332,3
5168,3067,3
5199,2379,3
5237,4095,3
5237,4666,3
5242,969,3
5242,3453,3
5242,3537,3
5242,4062,3
5242,5147,3
5242,5168,3
5305,4580,3
5375,186,3
5375,5652,3
5446,3577,3
5533,567,3
5533,3345,3
5533,4313,3
5630,5209,3
5639,1260,3
5662,4107,3
5736,3813,3
5736,3814,3
5775,280,3
5775,313,3
5775,1997,3
5775,3086,3
5775,4328,3
5775,5009,3
5809,618,3
5809,5700,3
5809,2868,3
11,1116,2
19,53,2
19,162,2
19,578,2
19,764,2
19,785,2
19,1423,2
19,2026,2
19,2708,2
19,3844,2
19,3948,2
19,4471,2
19,5000,2
19,5035,2
19,23,2
30,35,2
30,338,2
30,755,2
30,1037,2
30,1350,2
30,2030,2
30,3413,2
30,4713,2
42,3794,2
42,1353,2
42,52,2
42,5100,2
42,5141,2
42,57,2
42,5174,2
42,5809,2
52,1836,2
97,4047,2
126,102,2
126,104,2
154,1075,2
161,4055,2
204,579,2
234,244,2
235,244,2
237,244,2
244,2675,2
244,3492,2
244,5880,2
244,4202,2
251,5124,2
293,1888,2
348,76,2
348,677,2
348,1069,2
348,1362,2
348,1560,2
348,1818,2
348,5733,2
348,2371,2
348,2396,2
348,2723,2
348,2761,2
348,2987,2
348,3004,2
348,3164,2
348,3523,2
348,4218,2
348,4555,2
354,4895,2
354,5023,2
354,750,2
359,3271,2
366,700,2
414,884,2
414,3407,2
414,4277,2
414,5504,2
419,864,2
432,666,2
432,2088,2
432,2124,2
432,3143,2
432,3484,2
432,3498,2
432,3646,2
432,3722,2
447,5533,2
560,3885,2
560,3914,2
568,5652,2
592,190,2
592,1970,2
592,3817,2
592,4888,2
602,864,2
635,864,2
685,158,2
685,5589,2
686,444,2
686,705,2
686,868,2
686,1482,2
686,1522,2
686,1531,2
686,1608,2
686,3392,2
686,3426,2
686,3489,2
686,4095,2
686,4750,2
686,4890,2
686,5152,2
742,3039,2
742,3776,2
762,3913,2
766,5736,2
820,7,2
820,464,2
820,1317,2
820,1964,2
820,2025,2
820,3047,2
820,3606,2
820,4106,2
820,4133,2
820,4559,2
820,4584,2
820,5463,2
836,4669,2
859,5453,2
864,375,2
864,597,2
864,1024,2
864,1898,2
864,1982,2
864,2293,2
864,2831,2
864,3566,2
864,3667,2
864,5001,2
870,1298,2
870,1304,2
905,2854,2
922,1966,2
922,2336,2
973,1111,2
973,1562,2
973,1612,2
973,1768,2
973,3877,2
973,4207,2
973,5505,2
991,1563,2
991,2375,2
991,3135,2
991,3199,2
991,3561,2
991,3756,2
997,1888,2
1034,378,2
1044,820,2
1056,1304,2
1090,3235,2
1097,322,2
1097,742,2
1097,1012,2
1097,4972,2
1114,5242,2
1127,1114,2
1155,4625,2
1169,528,2
1176,133,2
1176,481,2
1190,2582,2
1289,510,2
1289,1168,2
1289,1285,2
1289,1981,2
1289,2157,2
1289,2196,2
1289,4154,2
1289,5454,2
1312,198,2
1312,1325,2
1312,1339,2
1312,1498,2
1312,1712,2
1312,1762,2
1312,3562,2
1312,4093,2
1312,4321,2
1312,5616,2
1329,267,2
1329,667,2
1329,829,2
1329,1193,2
1329,1328,2
1329,1912,2
1329,2165,2
1329,4117,2
1329,5230,2
1382,1536,2
1383,90,2
1383,937,2
1383,1537,2
1383,4312,2
1383,4538,2
1403,5547,2
1428,12,2
1428,163,2
1428,5763,2
1428,650,2
1428,753,2
1428,1000,2
1428,1166,2
1428,1408,2
1428,2476,2
1428,2665,2
1428,2898,2
1428,2914,2
1428,4111,2
1428,4120,2
1428,5015,2
1428,5534,2
1428,2186,2
1428,4264,2
1428,5898,2
1448,4443,2
1468,1329,2
1489,5793,2
1501,1048,2
1501,2726,2
1501,5821,2
1501,3351,2
1501,3519,2
1501,3906,2
1501,4498,2
1520,572,2
1547,3116,2
1556,2497,2
1556,5353,2
1600,3167,2
1605,5734,2
1622,3129,2
1626,357,2
1626,924,2
1626,1183,2
1626,1806,2
1626,1987,2
1626,2243,2
1626,2625,2
1626,4031,2
1626,4925,2
1626,4930,2
1640,4787,2
1669,2730,2
1689,4240,2
1706,1289,2
1829,482,2
1858,3629,2
1858,4165,2
1868,2666,2
1868,4762,2
1946,134,2
1946,288,2
1946,289,2
1946,1947,2
1946,876,2
1946,941,2
1946,981,2
1946,1102,2
1946,1347,2
1946,1694,2
1946,1935,2
1946,1939,2
1946,1940,2
1946,1952,2
1946,2361,2
1946,2416,2
1946,2506,2
1946,2579,2
1946,2581,2
1946,3071,2
1946,3221,2
1946,3338,2
1946,3366,2
1946,3458,2
1946,5840,2
1946,3521,2
1946,3582,2
1946,5851,2
1946,3697,2
1946,4158,2
1946,4169,2
1946,4183,2
1946,4302,2
1946,4664,2
1946,4889,2
1946,5105,2
1946,5156,2
1946,5223,2
1946,5511,2
1946,5614,2
1966,3514,2
1966,3515,2
1966,3778,2
1966,5859,2
1966,5445,2
1983,2149,2
1992,3129,2
2015,160,2
2015,3798,2
2015,5425,2
2113,1169,2
2113,4036,2
2113,5000,2
2135,2136,2
2142,3621,2
2142,2144,2
2142,2145,2
2142,3775,2
2154,2585,2
2154,3251,2
2168,5736,2
2207,4754,2
2230,3129,2
2231,3976,2
2234,864,2
2235,64,2
2235,1049,2
2235,5688,2
2235,2638,2
2235,2803,2
2235,3232,2
2235,3544,2
2235,4851,2
2235,5037,2
2235,5067,2
2235,5220,2
2235,5360,2
2324,3423,2
2324,3796,2
2333,2324,2
2333,5734,2
2336,4108,2
2366,3208,2
2366,3209,2
2379,2378,2
2408,2878,2
2408,4187,2
2410,2814,2
2433,4727,2
2453,4068,2
2492,7,2
2500,4669,2
2502,354,2
2503,2691,2
2503,3754,2
2511,3208,2
2538,3129,2
2555,205,2
2585,2586,2
2585,3856,2
2596,5207,2
2618,3717,2
2632,3196,2
2712,1172,2
2712,2372,2
2712,3375,2
2712,4454,2
2712,4633,2
2730,228,2
2730,3005,2
2730,3120,2
2730,3280,2
2730,3427,2
2730,3471,2
2730,3684,2
2730,4054,2
2730,4104,2
2730,5813,2
2730,5522,2
2752,519,2
2752,3518,2
2752,3795,2
2752,3910,2
2752,5464,2
2825,3050,2
2825,3601,2
2834,435,2
2854,1784,2
2854,4731,2
2854,5502,2
2866,4792,2
2867,1849,2
2901,439,2
2901,4857,2
2901,5249,2
2903,93,2
2903,453,2
2903,859,2
2903,892,2
2903,2905,2
2903,1084,2
2903,1476,2
2903,1514,2
2903,1656,2
2903,1721,2
2903,1839,2
2903,1866,2
2903,1882,2
2903,2394,2
2903,2398,2
2903,2406,2
2903,2796,2
2903,2884,2
2903,2885,2
2903,2985,2
2903,3238,2
2903,3376,2
2903,3424,2
2903,4075,2
2903,5865,2
2903,4410,2
2903,4439,2
2903,5381,2
3009,3010,2
3042,54,2
3042,874,2
3042,2104,2
3042,2557,2
3042,2817,2
3042,5136,2
3154,5207,2
3155,1099,2
3155,2877,2
3155,3542,2
3155,5128,2
3180,1124,2
3184,223,2
3184,3531,2
3184,3532,2
3184,4905,2
3210,5715,2
3223,4757,2
3235,5922,2
3256,3860,2
3257,3200,2
3257,3211,2
3257,5041,2
3285,1727,2
3285,2530,2
3285,4860,2
3313,931,2
3340,2899,2
3346,683,2
3346,1473,2
3346,2089,2
3346,2578,2
3346,2621,2
3346,3468,2
3346,3483,2
3346,4271,2
3346,4778,2
3346,5226,2
3346,5290,2
3346,5428,2
3453,2083,2
3453,3496,2
3481,1787,2
3524,864,2
3553,5207,2
3563,5207,2
3565,572,2
3577,43,2
3577,684,2
3577,840,2
3577,1122,2
3577,1645,2
3577,4547,2
3577,5297,2
3588,188,2
3588,1279,2
3588,3589,2
3639,4669,2
3666,819,2
3730,3235,2
3791,3271,2
3797,5298,2
3797,5438,2
3821,449,2
3821,671,2
3831,435,2
3840,478,2
3840,880,2
3840,2809,2
3840,3815,2
3840,4997,2
3840,4998,2
3840,5148,2
3840,5437,2
3876,2835,2
3876,4375,2
3876,4529,2
3901,3134,2
3901,3448,2
3928,1304,2
3940,87,2
3952,5143,2
3955,2210,2
3955,3600,2
3955,5415,2
3976,3271,2
3993,4669,2
4020,148,2
4020,533,2
4020,1028,2
4020,1332,2
4020,1822,2
4020,2122,2
4020,3130,2
4020,3158,2
4020,3459,2
4020,3790,2
4020,5444,2
4036,1066,2
4036,1126,2
4036,3300,2
4036,5499,2
4047,152,2
4047,423,2
4047,5641,2
4047,586,2
4047,685,2
4047,861,2
4047,901,2
4047,1022,2
4047,1569,2
4047,1746,2
4047,1859,2
4047,2041,2
4047,2241,2
4047,2244,2
4047,2300,2
4047,2443,2
4047,3327,2
4047,3363,2
4047,5837,2
4047,3400,2
4047,3647,2
4047,3727,2
4047,3740,2
4047,5877,2
4047,3924,2
4047,4014,2
4047,4053,2
4047,4134,2
4047,5861,2
4047,4716,2
4047,5130,2
4047,5494,2
4047,5535,2
4065,3235,2
4068,1132,2
4068,1722,2
4068,1724,2
4068,1780,2
4068,2075,2
4068,2496,2
4068,2751,2
4068,3082,2
4068,4070,2
4068,4056,2
4068,4419,2
4105,451,2
4105,1121,2
4105,1179,2
4105,4871,2
4145,3235,2
4167,5648,2
4197,5207,2
4203,953,2
4287,864,2
4308,4229,2
4325,834,2
4325,5686,2
4325,2204,2
4325,2535,2
4325,2758,2
4325,4482,2
4340,1429,2
4341,3332,2
4370,4130,2
4413,972,2
4413,1488,2
4413,2490,2
4413,5261,2
4485,1959,2
4485,3920,2
4496,2808,2
4516,2472,2
4516,3215,2
4520,660,2
4520,1416,2
4533,4901,2
4608,5355,2
4652,59,2
4652,89,2
4652,752,2
4652,1199,2
4652,1410,2
4652,2521,2
4652,2745,2
4652,4653,2
4652,3115,2
4652,5819,2
4652,5598,2
4757,1688,2
4757,1931,2
4801,649,2
4805,1312,2
4819,149,2
4819,5690,2
4819,1705,2
4819,5744,2
4819,3752,2
4819,4581,2
4819,5208,2
4847,268,2
4847,3973,2
4870,2802,2
4870,3014,2
4916,5809,2
4944,344,2
4950,1312,2
5026,798,2
5026,2330,2
5031,3271,2
5046,3685,2
5052,5360,2
5060,2583,2
5060,5009,2
5124,677,2
5124,3344,2
5124,3783,2
5168,2682,2
5196,1611,2
5214,2193,2
5237,1394,2
5237,5046,2
5237,5047,2
5237,5457,2
5242,1253,2
5242,2719,2
5242,3989,2
5242,4647,2
5242,5539,2
5276,5277,2
5280,30,2
5331,4274,2
5334,219,2
5375,622,2
5375,639,2
5375,1594,2
5375,2153,2
5375,2166,2
5375,2481,2
5375,2507,2
5375,3113,2
5375,4546,2
5375,4784,2
5375,4991,2
5523,2712,2
5533,352,2
5533,817,2
5533,4252,2
5533,4357,2
5533,4431,2
5533,4634,2
5533,5317,2
5533,5485,2
5590,5467,2
5595,592,2
5630,3593,2
5630,4603,2
5662,74,2
5662,291,2
5662,505,2
5662,641,2
5662,2494,2
5662,3022,2
5662,4132,2
5662,4600,2
5662,4604,2
5662,5097,2
5736,2437,2
5736,4883,2
5767,5631,2
5775,33,2
5775,345,2
5775,655,2
5775,1029,2
5775,5705,2
5775,1815,2
5775,5741,2
5775,2464,2
5775,2465,2
5775,2662,2
5775,2804,2
5775,3085,2
5775,3177,2
5809,1205,2
5809,4381,2
5833,2975,2
5852,5675,2
6,4751,1
8,5150,1
8,5151,1
11,757,1
11,2364,1
11,2679,1
11,2892,1
11,4554,1
11,4759,1
13,5696,1
13,2756,1
13,4506,1
14,1449,1
14,5279,1
15,4443,1
16,2023,1
17,1977,1
17,2511,1
19,15,1
19,130,1
19,138,1
19,173,1
19,176,1
19,182,1
19,183,1
19,209,1
19,319,1
19,427,1
19,490,1
19,5645,1
19,716,1
19,1218,1
19,1277,1
19,5671,1
19,5634,1
19,1450,1
19,1461,1
19,1571,1
19,2010,1
19,2012,1
19,2091,1
19,20,1
19,2188,1
19,2321,1
19,2444,1
19,5740,1
19,2458,1
19,2561,1
19,2569,1
19,2619,1
19,21,1
19,2820,1
19,2955,1
19,3719,1
19,3942,1
19,3944,1
19,3945,1
19,3965,1
19,4279,1
19,4296,1
19,4347,1
19,4475,1
19,4774,1
19,5054,1
19,5084,1
19,5132,1
19,5149,1
19,5241,1
19,5313,1
19,5398,1
19,22,1
19,5588,1
28,2315,1
30,41,1
30,63,1
30,197,1
30,255,1
30,337,1
30,346,1
30,400,1
30,417,1
30,739,1
30,765,1
30,845,1
30,846,1
30,1238,1
30,1270,1
30,1271,1
30,1478,1
30,1479,1
30,1895,1
30,2008,1
30,2013,1
30,2221,1
30,2277,1
30,2326,1
30,2485,1
30,2652,1
30,2720,1
30,3306,1
30,3337,1
30,3580,1
30,4238,1
30,4282,1
30,4349,1
30,4435,1
30,4858,1
30,4869,1
30,5810,1
30,5095,1
30,5104,1
30,5195,1
30,5250,1
30,5274,1
30,31,1
30,5442,1
30,5450,1
30,5576,1
30,5578,1
34,5365,1
38,5652,1
42,5142,1
42,49,1
42,557,1
42,2205,1
42,4781,1
42,5886,1
42,2634,1
42,4884,1
42,413,1
42,2131,1
42,5887,1
43,5039,1
45,2903,1
45,3461,1
45,3462,1
47,3901,1
55,4995,1
61,4883,1
65,66,1
65,5696,1
67,572,1
71,3129,1
75,954,1
80,5251,1
83,3880,1
84,66,1
89,599,1
89,3034,1
89,3069,1
89,4542,1
94,884,1
98,1836,1
101,5076,1
114,2328,1
114,3271,1
114,5778,1
116,2944,1
120,1851,1
120,3975,1
126,30,1
126,127,1
126,131,1
126,179,1
126,213,1
126,416,1
126,1639,1
126,5826,1
126,3218,1
126,3409,1
126,3771,1
126,3818,1
126,4383,1
126,5083,1
137,3235,1
137,5268,1
143,895,1
143,5788,1
143,2433,1
146,3089,1
149,4709,1
151,572,1
159,2878,1
183,5844,1
187,4649,1
187,5600,1
192,3235,1
193,1383,1
193,5777,1
193,591,1
195,482,1
196,1090,1
197,1392,1
197,3403,1
197,3758,1
197,4050,1
197,5401,1
204,210,1
204,656,1
204,1287,1
204,1313,1
204,1893,1
204,4807,1
204,4832,1
204,4861,1
204,4915,1
204,4996,1
204,5077,1
204,5265,1
208,3664,1
229,5584,1
229,4514,1
232,2975,1
236,3129,1
237,238,1
239,244,1
240,2975,1
244,2558,1
244,4080,1
244,4632,1
244,5888,1
244,2048,1
244,1308,1
244,3618,1
244,480,1
244,1984,1
244,489,1
244,4893,1
244,241,1
244,4174,1
244,1674,1
244,4444,1
244,5011,1
244,1974,1
244,1774,1
244,2114,1
244,2115,1
244,3707,1
244,5891,1
244,2598,1
244,2282,1
244,2281,1
247,973,1
247,974,1
251,1582,1
251,4090,1
251,4440,1
258,4877,1
259,4210,1
260,2235,1
263,4669,1
274,401,1
274,4505,1
275,3285,1
275,3457,1
277,2691,1
282,5809,1
286,4047,1
290,1638,1
292,3644,1
296,5010,1
296,4883,1
296,1695,1
296,5892,1
310,885,1
310,3407,1
322,261,1
322,5707,1
322,2019,1
322,2704,1
322,3615,1
322,5779,1
322,4127,1
322,5772,1
322,5421,1
322,5459,1
322,5508,1
327,5053,1
342,2903,1
343,330,1
348,301,1
348,324,1
348,360,1
348,399,1
348,486,1
348,5644,1
348,669,1
348,707,1
348,756,1
348,5780,1
348,1305,1
348,1405,1
348,5789,1
348,1595,1
348,5699,1
348,1766,1
348,1767,1
348,1779,1
348,1850,1
348,1861,1
348,1881,1
348,1928,1
348,1953,1
348,2106,1
348,2155,1
348,2180,1
348,2383,1
348,2402,1
348,2424,1
348,2495,1
348,2517,1
348,2550,1
348,5781,1
348,5626,1
348,5627,1
348,2741,1
348,2748,1
348,2827,1
348,3250,1
348,3331,1
348,3406,1
348,3439,1
348,3536,1
348,3869,1
348,3900,1
348,4017,1
348,4221,1
348,4276,1
348,4317,1
348,4556,1
348,349,1
348,4848,1
348,5804,1
348,5006,1
348,5007,1
348,5205,1
348,5211,1
348,5303,1
348,5314,1
348,5315,1
348,5466,1
348,5471,1
348,5560,1
348,5565,1
348,5585,1
353,4563,1
354,3533,1
354,4417,1
354,1572,1
354,5424,1
354,1072,1
354,853,1
354,5025,1
358,3014,1
362,2235,1
366,331,1
366,364,1
366,2716,1
366,3219,1
366,3256,1
366,4046,1
366,5872,1
366,4728,1
366,5018,1
366,5460,1
366,5607,1
385,3271,1
391,14,1
391,1636,1
395,14,1
395,820,1
395,2763,1
398,5456,1
402,4995,1
404,1701,1
405,1331,1
411,1901,1
411,5734,1
414,145,1
414,506,1
414,962,1
414,1038,1
414,1673,1
414,1742,1
414,1778,1
414,2369,1
414,2388,1
414,2389,1
414,2390,1
414,2391,1
414,2392,1
414,2393,1
414,2395,1
414,2477,1
414,2537,1
414,2677,1
414,2890,1
414,2894,1
414,2895,1
414,2960,1
414,3074,1
414,5845,1
414,3714,1
414,3912,1
414,4139,1
414,4292,1
414,4459,1
414,4593,1
414,5224,1
415,141,1
422,435,1
426,2825,1
431,1678,1
431,2839,1
431,2888,1
432,51,1
432,69,1
432,113,1
432,318,1
432,466,1
432,471,1
432,563,1
432,761,1
432,1185,1
432,1377,1
432,1433,1
432,1691,1
432,1703,1
432,1763,1
432,1788,1
432,2027,1
432,2261,1
432,5636,1
432,433,1
432,2382,1
432,2505,1
432,2548,1
432,2594,1
432,2624,1
432,2648,1
432,2917,1
432,2934,1
432,3408,1
432,3723,1
432,434,1
432,4235,1
432,4382,1
432,4447,1
432,4463,1
432,4562,1
432,4624,1
432,5111,1
435,513,1
436,5661,1
436,517,1
436,3197,1
436,3342,1
436,4289,1
440,864,1
445,5577,1
447,806,1
447,3545,1
447,3546,1
447,4837,1
447,4876,1
455,3271,1
456,1232,1
457,3938,1
459,460,1
461,2878,1
462,4365,1
463,3990,1
468,3014,1
479,2193,1
482,1030,1
482,1354,1
482,1897,1
482,2263,1
482,3894,1
491,1936,1
491,3840,1
491,5566,1
509,1289,1
517,900,1
531,4995,1
542,2699,1
543,4036,1
550,4692,1
552,3271,1
554,1936,1
558,3100,1
559,2250,1
559,3548,1
560,532,1
560,1393,1
560,1548,1
560,3598,1
561,677,1
562,3644,1
565,572,1
569,4995,1
570,2913,1
571,2575,1
574,122,1
581,2814,1
591,5643,1
592,420,1
592,593,1
592,633,1
592,763,1
592,926,1
592,1117,1
592,1187,1
592,1385,1
592,1642,1
592,1820,1
592,1847,1
592,1913,1
592,2152,1
592,2298,1
592,2519,1
592,3011,1
592,3104,1
592,3193,1
592,3665,1
592,3764,1
592,3765,1
592,4359,1
592,4456,1
592,5773,1
592,5048,1
592,5212,1
596,3235,1
598,756,1
608,835,1
609,3584,1
609,4714,1
623,5242,1
624,1411,1
653,450,1
653,4699,1
653,5191,1
653,5558,1
659,4901,1
664,3310,1
665,572,1
677,5386,1
685,696,1
685,824,1
685,898,1
685,1118,1
685,1580,1
685,4867,1
685,5594,1
686,95,1
686,100,1
686,142,1
686,325,1
686,381,1
686,588,1
686,680,1
686,688,1
686,692,1
686,703,1
686,715,1
686,717,1
686,718,1
686,723,1
686,793,1
686,799,1
686,867,1
686,871,1
686,5752,1
686,908,1
686,1175,1
686,1278,1
686,1280,1
686,5723,1
686,1643,1
686,1666,1
686,1677,1
686,1708,1
686,1723,1
686,1736,1
686,5712,1
686,1938,1
686,2031,1
686,2073,1
686,2718,1
686,2759,1
686,2762,1
686,3058,1
686,687,1
686,3186,1
686,3230,1
686,3314,1
686,3359,1
686,3451,1
686,3452,1
686,3583,1
686,3759,1
686,4112,1
686,4160,1
686,4303,1
686,4607,1
686,4681,1
686,4686,1
686,4690,1
686,4771,1
686,4909,1
686,4970,1
686,5649,1
686,5326,1
686,5347,1
686,5361,1
686,5393,1
686,5406,1
690,3061,1
712,3666,1
720,5251,1
733,4365,1
736,1304,1
737,3623,1
738,3235,1
742,1309,1
742,1494,1
742,2294,1
742,3353,1
742,3494,1
742,4241,1
742,4193,1
742,5185,1
742,5194,1
743,3915,1
743,3919,1
746,3834,1
750,5292,1
750,3599,1
750,3995,1
750,3996,1
756,2965,1
756,3274,1
756,4192,1
756,4574,1
760,1184,1
762,2999,1
767,1871,1
771,3308,1
772,773,1
779,3284,1
782,572,1
786,792,1
788,437,1
788,820,1
788,5351,1
791,19,1
791,3642,1
791,5240,1
792,2308,1
809,3358,1
810,3014,1
810,3189,1
811,2468,1
811,5878,1
811,5024,1
820,111,1
820,132,1
820,139,1
820,178,1
820,214,1
820,250,1
820,652,1
820,654,1
820,728,1
820,825,1
820,907,1
820,5666,1
820,1208,1
820,1434,1
820,1702,1
820,1719,1
820,1730,1
820,1894,1
820,1900,1
820,1903,1
820,1927,1
820,1976,1
820,2148,1
820,2179,1
820,5663,1
820,2253,1
820,2360,1
820,2470,1
820,2514,1
820,2552,1
820,2577,1
820,2609,1
820,2740,1
820,2768,1
820,2800,1
820,2872,1
820,3023,1
820,3048,1
820,3088,1
820,3132,1
820,3187,1
820,3195,1
820,3260,1
820,3362,1
820,3370,1
820,3503,1
820,3953,1
820,3968,1
820,4043,1
820,4243,1
820,4479,1
820,821,1
820,4583,1
820,4730,1
820,4782,1
820,4788,1
820,4866,1
820,4891,1
820,4896,1
820,4900,1
820,4924,1
820,4961,1
820,5135,1
820,5252,1
820,5311,1
820,5320,1
820,5339,1
820,5390,1
820,5402,1
820,5461,1
820,5509,1
820,5546,1
820,5555,1
820,5568,1
820,5569,1
820,5580,1
837,2379,1
847,610,1
847,673,1
847,768,1
847,1097,1
847,1274,1
847,1528,1
847,2438,1
847,3275,1
847,5232,1
847,5413,1
848,849,1
859,915,1
859,1266,1
859,1411,1
859,1555,1
859,1958,1
859,4590,1
859,5577,1
860,1254,1
863,4573,1
864,40,1
864,606,1
864,637,1
864,1201,1
864,1217,1
864,1302,1
864,1367,1
864,1387,1
864,1412,1
864,1427,1
864,1485,1
864,2192,1
864,2286,1
864,2303,1
864,2376,1
864,2910,1
864,3279,1
864,3419,1
864,3612,1
864,3661,1
864,3701,1
864,3874,1
864,5879,1
864,4003,1
864,4258,1
864,4261,1
864,4378,1
864,4421,1
864,4671,1
864,4803,1
864,4919,1
864,4946,1
864,4949,1
864,5253,1
864,5325,1
864,5477,1
864,5542,1
870,4500,1
878,3929,1
882,3973,1
897,1397,1
897,1798,1
897,3509,1
897,3510,1
897,3686,1
897,3739,1
902,2903,1
905,2,1
905,224,1
905,1358,1
905,2093,1
905,906,1
905,2483,1
905,2549,1
905,3594,1
905,3595,1
905,4715,1
905,4873,1
905,4879,1
905,5269,1
905,5270,1
910,1378,1
912,2267,1
916,1314,1
920,501,1
921,2170,1
922,741,1
922,2160,1
929,4995,1
930,4614,1
943,449,1
945,3393,1
945,3166,1
945,4060,1
946,4669,1
955,278,1
965,4835,1
965,5145,1
968,148,1
973,88,1
973,334,1
973,376,1
973,392,1
973,425,1
973,541,1
973,594,1
973,630,1
973,657,1
973,701,1
973,5755,1
973,777,1
973,800,1
973,1018,1
973,1112,1
973,1297,1
973,1352,1
973,1421,1
973,5682,1
973,1530,1
973,1561,1
973,1616,1
973,1729,1
973,1776,1
973,1777,1
973,1804,1
973,5719,1
973,2191,1
973,2195,1
973,2206,1
973,2217,1
973,2268,1
973,2533,1
973,2671,1
973,2689,1
973,2717,1
973,2757,1
973,2807,1
973,2824,1
973,2927,1
973,2978,1
973,2982,1
973,3070,1
973,3103,1
973,3326,1
973,5838,1
973,3473,1
973,3738,1
973,3743,1
973,3748,1
973,3930,1
973,4125,1
973,4152,1
973,4237,1
973,4323,1
973,4356,1
973,4477,1
973,4480,1
973,5764,1
973,4834,1
973,4914,1
973,4989,1
973,5122,1
973,5349,1
973,5472,1
973,5496,1
973,5512,1
984,19,1
987,415,1
988,572,1
991,989,1
991,1267,1
991,1402,1
991,3188,1
991,3330,1
991,3465,1
991,3728,1
991,3729,1
991,3781,1
991,4428,1
991,5028,1
993,2860,1
994,2254,1
995,996,1
997,1884,1
997,3935,1
997,4499,1
997,4992,1
997,5032,1
1000,5732,1
1000,3182,1
1002,1607,1
1012,2657,1
1012,2669,1
1012,3488,1
1015,4819,1
1023,14,1
1032,5242,1
1035,1000,1
1039,4567,1
1040,1417,1
1040,2522,1
1042,1043,1
1044,365,1
1044,789,1
1044,2694,1
1044,5203,1
1044,5287,1
1044,5440,1
1044,5506,1
1044,5587,1
1051,5805,1
1055,1056,1
1058,1474,1
1060,375,1
1062,3235,1
1066,1816,1
1068,2330,1
1071,965,1
1073,1946,1
1074,3541,1
1076,2501,1
1080,3877,1
1081,1133,1
1085,4058,1
1086,2410,1
1097,36,1
1097,620,1
1097,691,1
1097,970,1
1097,1008,1
1097,1219,1
1097,1257,1
1097,1265,1
1097,1268,1
1097,1464,1
1097,1649,1
1097,2233,1
1097,2397,1
1097,2857,1
1097,3015,1
1097,3302,1
1097,3604,1
1097,3801,1
1097,4733,1
1097,4736,1
1097,4775,1
1097,4795,1
1097,5300,1
1101,3294,1
1104,2264,1
1109,5674,1
1114,1602,1
1114,3755,1
1114,5388,1
1115,3235,1
1115,3405,1
1133,2701,1
1141,4740,1
1144,1145,1
1146,244,1
1150,2691,1
1160,1337,1
1163,1992,1
1169,584,1
1169,5758,1
1169,1170,1
1172,1189,1
1176,1841,1
1176,5570,1
1207,820,1
1216,826,1
1221,3975,1
1223,2214,1
1223,2435,1
1223,3002,1
1223,3975,1
1226,1343,1
1240,5449,1
1244,5642,1
1248,5430,1
1249,528,1
1249,3054,1
1249,4058,1
1249,4432,1
1249,5262,1
1250,3009,1
1250,4515,1
1251,3235,1
1255,1246,1
1260,2739,1
1260,4907,1
1261,889,1
1261,2285,1
1261,3581,1
1261,3760,1
1261,3737,1
1261,3780,1
1261,4136,1
1271,2439,1
1272,1383,1
1281,30,1
1283,2707,1
1288,2182,1
1289,140,1
1289,298,1
1289,340,1
1289,5782,1
1289,483,1
1289,499,1
1289,727,1
1289,1019,1
1289,1098,1
1289,1167,1
1289,1306,1
1289,1307,1
1289,1521,1
1289,1609,1
1289,1290,1
1289,1713,1
1289,1715,1
1289,1799,1
1289,1923,1
1289,1924,1
1289,2412,1
1289,2592,1
1289,3303,1
1289,3718,1
1289,3842,1
1289,3982,1
1289,1291,1
1289,4449,1
1289,4676,1
1289,5013,1
1289,1292,1
1289,5078,1
1289,1460,1
1293,136,1
1303,3471,1
1304,808,1
1312,24,1
1312,165,1
1312,211,1
1312,363,1
1312,566,1
1312,651,1
1312,682,1
1312,5656,1
1312,891,1
1312,913,1
1312,1110,1
1312,1320,1
1312,1327,1
1312,1333,1
1312,1334,1
1312,1422,1
1312,1481,1
1312,1641,1
1312,1663,1
1312,1731,1
1312,1819,1
1312,2150,1
1312,2151,1
1312,2275,1
1312,2351,1
1312,2593,1
1312,2670,1
1312,2777,1
1312,3212,1
1312,3278,1
1312,3374,1
1312,5848,1
1312,3936,1
1312,3959,1
1312,4342,1
1312,4387,1
1312,4467,1
1312,4483,1
1312,4566,1
1312,4718,1
1312,4780,1
1312,4811,1
1312,4855,1
1312,5002,1
1312,5164,1
1312,5399,1
1312,5439,1
1312,5520,1
1316,572,1
1323,572,1
1324,230,1
1324,3197,1
1324,5550,1
1329,206,1
1329,371,1
1329,896,1
1329,909,1
1329,923,1
1329,986,1
1329,1004,1
1329,1078,1
1329,1135,1
1329,1222,1
1329,1321,1
1329,1747,1
1329,1748,1
1329,1803,1
1329,1853,1
1329,1921,1
1329,2024,1
1329,2051,1
1329,2509,1
1329,2693,1
1329,2798,1
1329,3511,1
1329,3655,1
1329,4048,1
1329,4200,1
1329,1330,1
1332,5478,1
1335,4443,1
1335,4508,1
1340,1448,1
1340,2039,1
1340,2404,1
1342,2168,1
1342,4705,1
1343,2067,1
1344,4563,1
1349,3197,1
1361,1440,1
1365,1293,1
1368,4187,1
1375,2818,1
1382,172,1
1382,174,1
1382,470,1
1382,500,1
1382,518,1
1382,530,1
1382,1760,1
1382,1761,1
1382,2422,1
1382,4334,1
1383,153,1
1383,305,1
1383,607,1
1383,843,1
1383,858,1
1383,964,1
1383,1007,1
1383,1373,1
1383,5687,1
1383,1455,1
1383,5689,1
1383,1532,1
1383,1985,1
1383,2002,1
1383,2246,1
1383,2248,1
1383,2696,1
1383,3792,1
1383,3880,1
1383,4268,1
1383,4450,1
1383,4452,1
1383,4545,1
1383,5304,1
1383,5451,1
1383,5479,1
1383,5483,1
1383,5591,1
1389,5000,1
1390,1230,1
1390,1867,1
1390,3858,1
1390,3918,1
1391,1312,1
1391,2201,1
1391,2306,1
1391,5455,1
1398,3495,1
1403,285,1
1403,526,1
1403,546,1
1403,674,1
1403,689,1
1403,886,1
1403,2082,1
1403,2643,1
1403,2736,1
1403,2964,1
1403,3117,1
1403,3705,1
1403,3848,1
1403,3849,1
1403,3855,1
1403,3897,1
1403,4219,1
1403,4327,1
1403,5564,1
1411,2860,1
1415,2316,1
1419,792,1
1424,5595,1
1428,37,1
1428,96,1
1428,110,1
1428,184,1
1428,207,1
1428,233,1
1428,242,1
1428,243,1
1428,271,1
1428,595,1
1428,645,1
1428,672,1
1428,675,1
1428,712,1
1428,934,1
1428,944,1
1428,1027,1
1428,1067,1
1428,1129,1
1428,5832,1
1428,5834,1
1428,1152,1
1428,1178,1
1428,1492,1
1428,1524,1
1428,1624,1
1428,5697,1
1428,1826,1
1428,1932,1
1428,2071,1
1428,2117,1
1428,2923,1
1428,2269,1
1428,2272,1
1428,2551,1
1428,2554,1
1428,2566,1
1428,2603,1
1428,2629,1
1428,2645,1
1428,2646,1
1428,2649,1
1428,2651,1
1428,2668,1
1428,2680,1
1428,2690,1
1428,2819,1
1428,2838,1
1428,2930,1
1428,3035,1
1428,3062,1
1428,3072,1
1428,3118,1
1428,3181,1
1428,3254,1
1428,3267,1
1428,3325,1
1428,3384,1
1428,3476,1
1428,3571,1
1428,3768,1
1428,3892,1
1428,3933,1
1428,4206,1
1428,4329,1
1428,4345,1
1428,4364,1
1428,4530,1
1428,4552,1
1428,4560,1
1428,4976,1
1428,5807,1
1428,5012,1
1428,5129,1
1428,5144,1
1428,5173,1
1428,5193,1
1428,5255,1
1428,5416,1
1428,5548,1
1428,5582,1
1428,5593,1
1428,5602,1
1428,5894,1
1428,3290,1
1428,3534,1
1428,3341,1
1428,5475,1
1428,5620,1
1428,5899,1
1428,5900,1
1430,4563,1
1439,62,1
1439,262,1
1439,3128,1
1439,3241,1
1439,3786,1
1439,3868,1
1443,2250,1
1447,3735,1
1448,977,1
1448,1769,1
1448,4021,1
1449,2132,1
1452,4102,1
1459,1462,1
1467,1950,1
1499,2722,1
1499,3289,1
1500,864,1
1501,311,1
1501,408,1
1501,619,1
1501,710,1
1501,813,1
1501,866,1
1501,1046,1
1501,1064,1
1501,1123,1
1501,1174,1
1501,1502,1
1501,1371,1
1501,5691,1
1501,5683,1
1501,1486,1
1501,1495,1
1501,1518,1
1501,1523,1
1501,1534,1
1501,1567,1
1501,1680,1
1501,1726,1
1501,1503,1
1501,1980,1
1501,2065,1
1501,5731,1
1501,2273,1
1501,2279,1
1501,2615,1
1501,2729,1
1501,2909,1
1501,2919,1
1501,2926,1
1501,2957,1
1501,2962,1
1501,1504,1
1501,3422,1
1501,3430,1
1501,3512,1
1501,3574,1
1501,3766,1
1501,3767,1
1501,3808,1
1501,3909,1
1501,4175,1
1501,4181,1
1501,4273,1
1501,4377,1
1501,4448,1
1501,4623,1
1501,4685,1
1501,4842,1
1501,5021,1
1501,5096,1
1501,5458,1
1501,5559,1
1501,5615,1
1505,3061,1
1516,5696,1
1517,5696,1
1520,5742,1
1520,2639,1
1520,3558,1
1520,4205,1
1520,4507,1
1529,756,1
1547,1249,1
1547,1540,1
1547,1817,1
1547,2101,1
1547,3992,1
1547,4434,1
1548,539,1
1548,1039,1
1548,3343,1
1548,3396,1
1548,4336,1
1556,469,1
1556,1557,1
1556,1508,1
1556,1541,1
1556,1975,1
1556,1994,1
1556,2542,1
1556,4275,1
1556,4765,1
1556,4985,1
1565,3026,1
1568,4753,1
1568,5247,1
1579,4208,1
1596,1930,1
1598,5806,1
1601,5191,1
1605,1606,1
1605,2339,1
1605,2676,1
1611,221,1
1615,5646,1
1620,2290,1
1620,4558,1
1621,428,1
1622,4872,1
1622,4179,1
1626,5,1
1626,56,1
1626,231,1
1626,300,1
1626,306,1
1626,390,1
1626,452,1
1626,472,1
1626,484,1
1626,616,1
1626,709,1
1626,722,1
1626,925,1
1626,5650,1
1626,1053,1
1626,1113,1
1626,1315,1
1626,1414,1
1626,1588,1
1626,1610,1
1626,1623,1
1626,1625,1
1626,1633,1
1626,1814,1
1626,1824,1
1626,1991,1
1626,2060,1
1626,2076,1
1626,2121,1
1626,2299,1
1626,2341,1
1626,2527,1
1626,2626,1
1626,2806,1
1626,5820,1
1626,3165,1
1626,3194,1
1626,3273,1
1626,3328,1
1626,3573,1
1626,3613,1
1626,3656,1
1626,3678,1
1626,3682,1
1626,3731,1
1626,3807,1
1626,5876,1
1626,3851,1
1626,3863,1
1626,3883,1
1626,3947,1
1626,3997,1
1626,4035,1
1626,4110,1
1626,4162,1
1626,4234,1
1626,4290,1
1626,4316,1
1626,4374,1
1626,4429,1
1626,4473,1
1626,4650,1
1626,4663,1
1626,4789,1
1626,5192,1
1626,1627,1
1626,5256,1
1626,5433,1
1626,5498,1
1626,5530,1
1632,3431,1
1634,4526,1
1635,2855,1
1640,864,1
1660,1133,1
1661,753,1
1667,1326,1
1684,2712,1
1686,5554,1
1686,5901,1
1689,1087,1
1689,1811,1
1689,2021,1
1689,4582,1
1692,864,1
1695,5902,1
1697,3260,1
1706,2940,1
1711,1300,1
1711,1442,1
1718,339,1
1718,2871,1
1718,3741,1
1718,3886,1
1718,3896,1
1718,4131,1
1718,4420,1
1718,4948,1
1718,5510,1
1729,1576,1
1734,10,1
1734,2754,1
1735,864,1
1745,156,1
1745,3887,1
1753,5639,1
1757,30,1
1757,5660,1
1757,3441,1
1760,661,1
1760,2836,1
1760,4314,1
1773,884,1
1775,4563,1
1781,864,1
1787,3440,1
1788,1843,1
1791,3438,1
1792,572,1
1793,2300,1
1802,1420,1
1802,2111,1
1802,2863,1
1802,2869,1
1802,3073,1
1807,359,1
1807,580,1
1807,1034,1
1807,1139,1
1807,5571,1
1810,914,1
1810,2409,1
1810,2683,1
1810,3092,1
1810,4864,1
1810,5526,1
1825,3338,1
1830,884,1
1831,1832,1
1834,991,1
1835,820,1
1845,864,1
1846,5000,1
1848,3364,1
1852,2228,1
1852,2604,1
1852,4493,1
1858,966,1
1858,1097,1
1858,2119,1
1858,2239,1
1858,2510,1
1858,2520,1
1858,3248,1
1858,3822,1
1858,4404,1
1858,4645,1
1858,5072,1
1867,76,1
1867,2446,1
1867,3902,1
1868,150,1
1868,389,1
1868,424,1
1868,893,1
1868,917,1
1868,1093,1
1868,1119,1
1868,5685,1
1868,1574,1
1868,1681,1
1868,1682,1
1868,2232,1
1868,2367,1
1868,2979,1
1868,3479,1
1868,3560,1
1868,4461,1
1868,4767,1
1868,4974,1
1868,5115,1
1868,5617,1
1873,4047,1
1876,435,1
1876,2721,1
1878,1304,1
1879,5713,1
1879,4227,1
1888,1752,1
1888,2589,1
1888,3672,1
1889,1276,1
1891,3129,1
1891,4786,1
1892,4380,1
1903,1714,1
1903,2332,1
1903,5070,1
1904,5577,1
1905,973,1
1906,4669,1
1908,297,1
1916,5655,1
1917,1312,1
1917,5107,1
1922,2705,1
1922,4619,1
1925,2146,1
1929,2251,1
1941,4354,1
1946,115,1
1946,180,1
1946,270,1
1946,303,1
1946,367,1
1946,370,1
1946,379,1
1946,521,1
1946,632,1
1946,631,1
1946,734,1
1946,754,1
1946,794,1
1946,797,1
1946,828,1
1946,850,1
1946,879,1
1946,933,1
1946,998,1
1946,1036,1
1946,1047,1
1946,1202,1
1946,1225,1
1946,1227,1
1946,1370,1
1946,1376,1
1946,1406,1
1946,1444,1
1946,1456,1
1946,1465,1
1946,1493,1
1946,1526,1
1946,1527,1
1946,1553,1
1946,1554,1
1946,1648,1
1946,1668,1
1946,1685,1
1946,1764,1
1946,5706,1
1946,1794,1
1946,1865,1
1946,1870,1
1946,1883,1
1946,1942,1
1946,1944,1
1946,1945,1
1946,2086,1
1946,2099,1
1946,2284,1
1946,2320,1
1946,2467,1
1946,2567,1
1946,2654,1
1946,2659,1
1946,2742,1
1946,2778,1
1946,2791,1
1946,2856,1
1946,3051,1
1946,3052,1
1946,3079,1
1946,3149,1
1946,3163,1
1946,3295,1
1946,3296,1
1946,1948,1
1946,3379,1
1946,3388,1
1946,3404,1
1946,3486,1
1946,3673,1
1946,3693,1
1946,3757,1
1946,3777,1
1946,3847,1
1946,3859,1
1946,3884,1
1946,4114,1
1946,4122,1
1946,5863,1
1946,4267,1
1946,4544,1
1946,5766,1
1946,4695,1
1946,4711,1
1946,4720,1
1946,4722,1
1946,4748,1
1946,4749,1
1946,4760,1
1946,4777,1
1946,4800,1
1946,4912,1
1946,4960,1
1946,4987,1
1946,5092,1
1946,5106,1
1946,1949,1
1946,5163,1
1946,5198,1
1946,5217,1
1946,5257,1
1946,5324,1
1946,5407,1
1946,5412,1
1946,5423,1
1946,5527,1
1946,5551,1
1946,3450,1
1946,3630,1
1950,4042,1
1956,4365,1
1961,449,1
1961,5359,1
1962,3951,1
1965,1875,1
1966,312,1
1966,361,1
1966,474,1
1966,617,1
1966,643,1
1966,708,1
1966,841,1
1966,1194,1
1966,1191,1
1966,1197,1
1966,1220,1
1966,1229,1
1966,1954,1
1966,1989,1
1966,2440,1
1966,2441,1
1966,2486,1
1966,2714,1
1966,2775,1
1966,2822,1
1966,2995,1
1966,3040,1
1966,3053,1
1966,3121,1
1966,3269,1
1966,3460,1
1966,3640,1
1966,3648,1
1966,3668,1
1966,3724,1
1966,4103,1
1966,4398,1
1966,1967,1
1966,5131,1
1966,1968,1
1966,5592,1
1966,5597,1
1972,1010,1
1972,935,1
1972,1973,1
1972,4073,1
1972,4697,1
1972,5579,1
1979,819,1
1979,1369,1
1979,1542,1
1979,4882,1
1993,3331,1
1996,2903,1
1998,3338,1
1999,3440,1
2004,3271,1
2004,4150,1
2015,3272,1
2015,4509,1
2015,5387,1
2015,5829,1
2017,4563,1
2018,5379,1
2038,5379,1
2040,2287,1
2043,3243,1
2047,5543,1
2048,4319,1
2048,4815,1
2050,1374,1
2050,1800,1
2050,2314,1
2054,2219,1
2054,2218,1
2054,5730,1
2057,864,1
2058,4472,1
2063,3125,1
2079,820,1
2081,783,1
2085,2712,1
2098,3643,1
2103,5728,1
2105,4494,1
2108,1041,1
2108,3332,1
2113,2875,1
2113,3066,1
2113,4577,1
2113,4835,1
2113,4838,1
2113,4981,1
2118,5490,1
2124,4030,1
2125,304,1
2125,2126,1
2125,2428,1
2125,3839,1
2125,4396,1
2125,4637,1
2125,5557,1
2128,4047,1
2130,3666,1
2133,2483,1
2135,406,1
2135,463,1
2135,4831,1
2135,5283,1
2136,2137,1
2136,4485,1
2136,5087,1
2136,5089,1
2139,3010,1
2142,171,1
2142,540,1
2142,583,1
2142,1196,1
2142,2143,1
2142,2845,1
2142,3204,1
2142,3516,1
2142,3622,1
2142,3687,1
2142,3772,1
2142,3865,1
2142,4032,1
2142,4478,1
2142,4517,1
2142,4553,1
2142,4640,1
2142,4706,1
2142,4747,1
2142,4849,1
2146,2147,1
2154,229,1
2154,2674,1
2154,3007,1
2154,4565,1
2156,4341,1
2159,3666,1
2166,380,1
2166,501,1
2166,1319,1
2166,1345,1
2166,2728,1
2166,4142,1
2167,2235,1
2168,5658,1
2169,1341,1
2170,1445,1
2172,4563,1
2176,2585,1
2184,2938,1
2189,4962,1
2190,4509,1
2200,2366,1
2203,1267,1
2207,19,1
2207,4745,1
2210,44,1
2210,254,1
2210,488,1
2210,582,1
2210,1475,1
2210,2084,1
2210,2385,1
2210,2454,1
2210,3949,1
2210,3960,1
2210,3962,1
2210,4255,1
2210,5098,1
2210,5137,1
2210,2211,1
2223,226,1
2223,2641,1
2223,2663,1
2223,4628,1
2223,4744,1
2224,415,1
2231,2588,1
2235,103,1
2235,448,1
2235,647,1
2235,812,1
2235,5668,1
2235,5669,1
2235,1356,1
2235,1426,1
2235,1863,1
2235,1988,1
2235,2697,1
2235,2948,1
2235,2953,1
2235,2954,1
2235,3549,1
2235,3585,1
2235,5850,1
2235,3854,1
2235,4393,1
2235,4674,1
2235,4797,1
2235,5110,1
2235,5123,1
2235,5159,1
2235,5161,1
2235,5180,1
2235,5138,1
2235,5296,1
2235,5358,1
2235,5638,1
2235,5903,1
2237,4047,1
2238,2059,1
2240,864,1
2242,3969,1
2242,4953,1
2250,382,1
2251,559,1
2251,2601,1
2251,5337,1
2260,4732,1
2263,3662,1
2266,2356,1
2271,3666,1
2305,5864,1
2305,5162,1
2305,2846,1
2307,4203,1
2311,2208,1
2312,820,1
2317,1517,1
2323,1231,1
2323,4492,1
2324,443,1
2324,2325,1
2324,2074,1
2324,4973,1
2324,5549,1
2327,5577,1
2330,4045,1
2330,4491,1
2333,5722,1
2333,2732,1
2333,4173,1
2333,4959,1
2337,3235,1
2342,1538,1
2346,3235,1
2349,2335,1
2350,336,1
2356,1425,1
2356,1512,1
2356,1676,1
2356,3261,1
2356,4184,1
2356,5341,1
2357,3235,1
2366,4518,1
2377,505,1
2379,105,1
2379,215,1
2379,495,1
2379,1295,1
2379,1438,1
2379,1919,1
2379,2283,1
2379,1215,1
2379,2653,1
2379,3127,1
2379,3270,1
2379,3287,1
2379,3810,1
2379,3881,1
2379,4148,1
2401,3271,1
2418,415,1
2419,1552,1
2419,2331,1
2420,3271,1
2421,4344,1
2425,3577,1
2432,3823,1
2433,852,1
2433,1386,1
2433,1914,1
2433,2212,1
2433,4738,1
2433,5103,1
2433,5133,1
2433,5309,1
2451,3957,1
2455,362,1
2469,4399,1
2471,5612,1
2474,1855,1
2478,864,1
2479,1261,1
2481,3157,1
2484,634,1
2484,1700,1
2487,4613,1
2489,3622,1
2491,5350,1
2492,168,1
2492,2256,1
2492,2257,1
2493,4703,1
2493,5127,1
2494,4445,1
2502,5743,1
2503,3,1
2503,573,1
2503,1057,1
2503,1413,1
2503,3176,1
2503,3198,1
2503,3282,1
2503,3372,1
2503,2504,1
2503,4000,1
2503,4253,1
2503,4682,1
2503,4954,1
2503,5034,1
2503,5308,1
2511,512,1
2511,2452,1
2511,4850,1
2513,950,1
2513,1384,1
2525,2785,1
2526,5251,1
2531,3343,1
2532,2555,1
2532,5818,1
2538,1851,1
2538,2459,1
2538,2767,1
2538,3467,1
2541,864,1
2545,1363,1
2545,4411,1
2546,435,1
2547,435,1
2559,2308,1
2560,4036,1
2563,4630,1
2570,5222,1
2572,911,1
2573,1206,1
2574,430,1
2584,2193,1
2585,299,1
2585,369,1
2585,396,1
2585,629,1
2585,1388,1
2585,2291,1
2585,2386,1
2585,2590,1
2585,2687,1
2585,3057,1
2585,3202,1
2585,3237,1
2585,3265,1
2585,5796,1
2585,3497,1
2585,3507,1
2585,3683,1
2585,3889,1
2585,4465,1
2585,4636,1
2585,4983,1
2585,4984,1
2585,5108,1
2585,5384,1
2585,5489,1
2595,3358,1
2600,68,1
2606,2251,1
2606,5745,1
2623,1142,1
2623,4904,1
2627,4669,1
2631,71,1
2632,77,1
2632,555,1
2632,1103,1
2632,1245,1
2632,1275,1
2632,2276,1
2632,2338,1
2632,2480,1
2632,3068,1
2632,3171,1
2632,3429,1
2632,3543,1
2632,2633,1
2632,4089,1
2632,4188,1
2632,5014,1
2632,5420,1
2632,5603,1
2635,382,1
2637,983,1
2637,1618,1
2664,3129,1
2685,1383,1
2686,3551,1
2700,2605,1
2702,492,1
2703,4389,1
2705,2706,1
2712,218,1
2712,699,1
2712,2713,1
2712,1213,1
2712,1487,1
2712,1647,1
2712,2080,1
2712,2187,1
2712,2209,1
2712,2711,1
2712,3988,1
2712,4170,1
2712,5866,1
2712,4692,1
2712,5175,1
2724,3528,1
2730,118,1
2730,217,1
2730,273,1
2730,309,1
2730,384,1
2730,412,1
2730,603,1
2730,615,1
2730,961,1
2730,1247,1
2730,1264,1
2730,1282,1
2730,1359,1
2730,1409,1
2730,1652,1
2730,1658,1
2730,1737,1
2730,1759,1
2730,1813,1
2730,1933,1
2730,2134,1
2730,2296,1
2730,2319,1
2730,2359,1
2730,2387,1
2730,2698,1
2730,2727,1
2730,2744,1
2730,2771,1
2730,2792,1
2730,2843,1
2730,3097,1
2730,3108,1
2730,3288,1
2730,3299,1
2730,3339,1
2730,3502,1
2730,3572,1
2730,3787,1
2730,3861,1
2730,3879,1
2730,4211,1
2730,4230,1
2730,4259,1
2730,4394,1
2730,4401,1
2730,4557,1
2730,4643,1
2730,4662,1
2730,4772,1
2730,4856,1
2730,4929,1
2730,5394,1
2730,5419,1
2730,5501,1
2730,5515,1
2750,536,1
2752,109,1
2752,121,1
2752,294,1
2752,511,1
2752,516,1
2752,693,1
2752,947,1
2752,980,1
2752,1092,1
2752,1591,1
2752,2274,1
2752,2695,1
2752,2855,1
2752,2925,1
2752,3045,1
2752,3493,1
2752,5839,1
2752,2753,1
2752,3680,1
2752,4293,1
2752,4306,1
2752,4978,1
2776,864,1
2779,3014,1
2781,5748,1
2784,3322,1
2784,3657,1
2812,2411,1
2812,3056,1
2812,3789,1
2814,3231,1
2814,3233,1
2814,3234,1
2821,1556,1
2825,681,1
2825,890,1
2825,982,1
2825,1789,1
2825,1790,1
2825,2826,1
2825,2611,1
2825,2916,1
2825,3491,1
2825,5846,1
2825,3669,1
2825,4061,1
2825,4358,1
2825,4512,1
2825,4620,1
2825,4723,1
2825,5414,1
2825,5435,1
2825,5486,1
2829,3009,1
2832,3235,1
2841,4995,1
2842,515,1
2854,0,1
2854,351,1
2854,1006,1
2854,1195,1
2854,1273,1
2854,1407,1
2854,2009,1
2854,2426,1
2854,2556,1
2854,3242,1
2854,3541,1
2854,3556,1
2854,3564,1
2854,4286,1
2854,4402,1
2861,5076,1
2862,3271,1
2864,5157,1
2866,911,1
2866,1657,1
2866,2044,1
2866,4084,1
2867,19,1
2867,903,1
2867,1156,1
2867,4931,1
2867,5462,1
2878,642,1
2878,2658,1
2878,4635,1
2887,4877,1
2891,2721,1
2893,26,1
2893,2168,1
2896,1300,1
2901,281,1
2901,1165,1
2901,1294,1
2901,5724,1
2901,1772,1
2901,2097,1
2901,2780,1
2901,2790,1
2901,2837,1
2901,3281,1
2901,3753,1
2901,3985,1
2901,4141,1
2901,4665,1
2901,4906,1
2901,5346,1
2903,2904,1
2903,79,1
2903,269,1
2903,287,1
2903,329,1
2903,368,1
2903,514,1
2903,544,1
2903,576,1
2903,577,1
2903,638,1
2903,697,1
2903,748,1
2903,822,1
2903,927,1
2903,985,1
2903,1025,1
2903,1107,1
2903,1128,1
2903,1138,1
2903,1164,1
2903,1286,1
2903,1318,1
2903,1472,1
2903,1507,1
2903,1585,1
2903,1629,1
2903,1631,1
2903,1654,1
2903,1854,1
2903,1937,1
2903,2056,1
2903,5799,1
2903,2216,1
2903,5798,1
2903,2347,1
2903,2348,1
2903,2353,1
2903,2358,1
2903,2380,1
2903,2381,1
2903,2539,1
2903,2749,1
2903,2789,1
2903,2805,1
2903,2830,1
2903,2873,1
2903,2912,1
2903,2936,1
2903,2939,1
2903,2942,1
2903,2963,1
2903,2976,1
2903,3001,1
2903,3016,1
2903,3030,1
2903,3081,1
2903,3094,1
2903,3125,1
2903,3126,1
2903,3159,1
2903,3168,1
2903,3205,1
2903,3214,1
2903,3244,1
2903,3283,1
2903,3286,1
2903,2906,1
2903,3304,1
2903,3305,1
2903,3307,1
2903,3390,1
2903,3401,1
2903,3420,1
2903,3614,1
2903,3626,1
2903,3638,1
2903,5800,1
2903,3709,1
2903,3751,1
2903,3803,1
2903,2907,1
2903,3904,1
2903,3981,1
2903,4004,1
2903,4115,1
2903,4214,1
2903,4272,1
2903,4284,1
2903,4304,1
2903,4322,1
2903,4335,1
2903,4361,1
2903,4372,1
2903,4418,1
2903,4438,1
2903,5801,1
2903,4617,1
2903,4618,1
2903,4766,1
2903,4839,1
2903,4945,1
2903,4988,1
2903,5178,1
2903,5184,1
2903,5219,1
2903,5802,1
2903,5225,1
2903,5476,1
2903,2908,1
2920,5229,1
2940,3435,1
2949,3173,1
2951,3235,1
2958,5822,1
2958,5904,1
2959,3115,1
2961,572,1
2961,5698,1
2961,4794,1
2974,2095,1
2983,4754,1
2988,33,1
2992,46,1
2992,157,1
2992,249,1
2992,347,1
2992,1263,1
2992,1653,1
2992,2005,1
2992,2090,1
2992,2374,1
2992,3449,1
2992,3475,1
2992,5823,1
2992,4194,1
2992,4222,1
2992,4395,1
2992,4576,1
2993,572,1
3002,3749,1
3009,4693,1
3013,1918,1
3013,3671,1
3013,3826,1
3018,3046,1
3019,770,1
3019,3197,1
3020,435,1
3025,408,1
3026,123,1
3026,421,1
3026,3027,1
3026,4052,1
3026,4696,1
3028,3029,1
3033,5827,1
3033,5905,1
3033,5906,1
3033,3662,1
3041,756,1
3042,5783,1
3042,372,1
3042,759,1
3042,807,1
3042,1214,1
3042,1435,1
3042,5725,1
3042,2181,1
3042,2655,1
3042,5625,1
3042,2710,1
3042,3160,1
3042,3586,1
3042,3725,1
3042,5855,1
3042,4086,1
3042,4474,1
3042,4594,1
3042,4833,1
3042,5319,1
3042,5395,1
3053,5907,1
3053,5908,1
3053,5909,1
3053,5910,1
3061,4687,1
3063,756,1
3064,2053,1
3065,2267,1
3075,2255,1
3075,5911,1
3075,5912,1
3075,5913,1
3075,5914,1
3075,5915,1
3075,5916,1
3075,5917,1
3075,5918,1
3075,5919,1
3075,5920,1
3075,5921,1
3076,1091,1
3083,820,1
3090,386,1
3090,3091,1
3090,498,1
3090,5651,1
3090,1100,1
3090,1211,1
3090,1590,1
3090,1786,1
3090,2355,1
3090,2637,1
3090,3387,1
3090,3711,1
3090,4683,1
3090,5017,1
3093,2825,1
3110,3148,1
3123,2850,1
3125,1396,1
3125,4426,1
3129,2313,1
3131,2722,1
3138,3139,1
3140,1437,1
3140,1619,1
3140,3000,1
3140,5825,1
3140,3380,1
3140,3530,1
3140,4001,1
3140,4066,1
3140,3141,1
3140,4460,1
3145,5236,1
3146,2825,1
3150,1899,1
3152,5626,1
3153,2770,1
3153,2860,1
3155,81,1
3155,167,1
3155,323,1
3155,476,1
3155,548,1
3155,1089,1
3155,1860,1
3155,2162,1
3155,2198,1
3155,2202,1
3155,2407,1
3155,3845,1
3155,3966,1
3155,4019,1
3155,4082,1
3155,4285,1
3155,4415,1
3155,4543,1
3155,4894,1
3155,4917,1
3155,5120,1
3155,5302,1
3155,5403,1
3155,5561,1
3162,2814,1
3183,3235,1
3184,220,1
3184,1644,1
3184,2020,1
3184,3633,1
3184,3943,1
3184,3954,1
3184,4078,1
3184,4430,1
3184,4488,1
3184,4532,1
3184,4680,1
3184,3185,1
3184,5045,1
3184,5055,1
3184,5378,1
3189,854,1
3201,864,1
3206,686,1
3216,4995,1
3219,222,1
3219,678,1
3221,2061,1
3222,815,1
3224,5171,1
3228,3235,1
3235,135,1
3235,1856,1
3235,4694,1
3245,3463,1
3246,1310,1
3251,2950,1
3251,4999,1
3251,5183,1
3251,5521,1
3256,5575,1
3257,3258,1
3257,502,1
3257,1198,1
3257,3259,1
3257,1812,1
3257,2068,1
3257,2309,1
3257,2442,1
3257,3017,1
3257,3603,1
3257,3836,1
3257,4918,1
3257,4928,1
3257,5316,1
3260,1355,1
3271,155,1
3271,1149,1
3271,1173,1
3271,1348,1
3271,1659,1
3271,1765,1
3271,2007,1
3271,2259,1
3271,2329,1
3271,2430,1
3271,3179,1
3271,3192,1
3271,3207,1
3271,3699,1
3271,3710,1
3271,3875,1
3271,3934,1
3271,5267,1
3271,5417,1
3271,5480,1
3277,3358,1
3285,307,1
3285,520,1
3285,857,1
3285,936,1
3285,938,1
3285,1628,1
3285,1698,1
3285,5709,1
3285,2078,1
3285,3008,1
3285,5847,1
3285,3696,1
3285,4330,1
3285,5436,1
3285,5497,1
3285,5599,1
3285,5604,1
3285,5795,1
3294,3129,1
3298,3297,1
3309,261,1
3309,940,1
3310,3078,1
3310,4079,1
3312,658,1
3312,1560,1
3319,1304,1
3334,3235,1
3336,3271,1
3336,4180,1
3338,3967,1
3340,124,1
3346,9,1
3346,713,1
3346,967,1
3346,1017,1
3346,1136,1
3346,1252,1
3346,1357,1
3346,1454,1
3346,1469,1
3346,1510,1
3346,1586,1
3346,1720,1
3346,3347,1
3346,2258,1
3346,3348,1
3346,2414,1
3346,5737,1
3346,2529,1
3346,2886,1
3346,3037,1
3346,5881,1
3346,3080,1
3346,3098,1
3346,3169,1
3346,3170,1
3346,3191,1
3346,3349,1
3346,3360,1
3346,3411,1
3346,3421,1
3346,3472,1
3346,3559,1
3346,4144,1
3346,4199,1
3346,4233,1
3346,5797,1
3346,4425,1
3346,4626,1
3346,4684,1
3346,4793,1
3346,5231,1
3346,5293,1
3346,5335,1
3346,5371,1
3346,5525,1
3346,5605,1
3386,15,1
3407,377,1
3407,1577,1
3425,4995,1
3428,864,1
3443,321,1
3453,918,1
3453,1457,1
3453,1513,1
3453,1821,1
3453,3454,1
3453,3443,1
3453,3677,1
3453,3455,1
3453,4245,1
3453,4250,1
3453,4350,1
3453,4541,1
3453,4569,1
3453,4721,1
3453,5352,1
3453,5429,1
3453,5621,1
3464,4017,1
3471,1509,1
3471,2815,1
3471,3036,1
3495,3667,1
3500,5841,1
3501,5841,1
3513,4883,1
3514,5924,1
3520,3129,1
3525,3588,1
3527,3616,1
3535,1943,1
3538,253,1
3538,2362,1
3538,5843,1
3538,4631,1
3545,1346,1
3548,78,1
3548,5727,1
3550,572,1
3550,1301,1
3552,5563,1
3557,3666,1
3558,246,1
3559,5176,1
3565,328,1
3565,769,1
3565,1105,1
3565,3059,1
3565,3957,1
3565,4232,1
3565,4913,1
3565,5210,1
3577,177,1
3577,284,1
3577,314,1
3577,383,1
3577,529,1
3577,551,1
3577,600,1
3577,796,1
3577,877,1
3577,919,1
3577,963,1
3577,1077,1
3577,1109,1
3577,1137,1
3577,1614,1
3577,1646,1
3577,1670,1
3577,1675,1
3577,1957,1
3577,2066,1
3577,2354,1
3577,2399,1
3577,5738,1
3577,2457,1
3577,2528,1
3577,2565,1
3577,2620,1
3577,2787,1
3577,2788,1
3577,5751,1
3577,2852,1
3577,2900,1
3577,3133,1
3577,3227,1
3577,3371,1
3577,3394,1
3577,5854,1
3577,4009,1
3577,4101,1
3577,4119,1
3577,4213,1
3577,4298,1
3577,4548,1
3577,4575,1
3577,4725,1
3577,4726,1
3577,4840,1
3577,4967,1
3577,4969,1
3577,5079,1
3577,5081,1
3577,5121,1
3577,3578,1
3577,3579,1
3577,5366,1
3577,5426,1
3587,4754,1
3588,272,1
3588,302,1
3588,308,1
3588,459,1
3588,1026,1
3588,1148,1
3588,1147,1
3588,1236,1
3588,1262,1
3588,1458,1
3588,1597,1
3588,2016,1
3588,2112,1
3588,2384,1
3588,2735,1
3588,2947,1
3588,2984,1
3588,3590,1
3588,3397,1
3588,3398,1
3588,3437,1
3588,3605,1
3588,3720,1
3588,3763,1
3588,3891,1
3588,3932,1
3588,4118,1
3588,4266,1
3588,4294,1
3588,5871,1
3588,4644,1
3588,4689,1
3588,4844,1
3588,4908,1
3588,5200,1
3588,5427,1
3588,5538,1
3592,26,1
3596,2692,1
3597,5696,1
3616,199,1
3616,3619,1
3621,3634,1
3627,4669,1
3632,2980,1
3637,3635,1
3641,435,1
3645,2602,1
3649,787,1
3649,4479,1
3650,5432,1
3651,3745,1
3660,5276,1
3663,4547,1
3666,899,1
3666,999,1
3666,1054,1
3666,5680,1
3666,2755,1
3666,4338,1
3666,4406,1
3666,5005,1
3666,5022,1
3681,628,1
3688,3014,1
3690,5925,1
3700,5251,1
3708,823,1
3712,465,1
3712,5853,1
3714,3999,1
3715,4509,1
3715,5500,1
3716,4320,1
3716,4516,1
3721,5124,1
3726,5191,1
3732,837,1
3733,418,1
3733,648,1
3733,2840,1
3733,3147,1
3733,3470,1
3733,4216,1
3744,4883,1
3745,5640,1
3745,2881,1
3745,3112,1
3745,3506,1
3745,4067,1
3745,4143,1
3745,4579,1
3745,5552,1
3750,4207,1
3769,1466,1
3779,572,1
3782,4227,1
3782,5926,1
3788,2981,1
3793,2825,1
3797,527,1
3797,3799,1
3797,1243,1
3797,1259,1
3797,1733,1
3797,2036,1
3797,2289,1
3797,2591,1
3797,2932,1
3797,3043,1
3797,3142,1
3797,3203,1
3797,4177,1
3797,4204,1
3797,4678,1
3797,4836,1
3800,2981,1
3804,4763,1
3806,884,1
3813,804,1
3821,387,1
3821,537,1
3821,605,1
3821,636,1
3821,887,1
3821,942,1
3821,971,1
3821,1016,1
3821,1256,1
3821,1604,1
3821,1749,1
3821,1756,1
3821,2055,1
3821,2828,1
3821,2874,1
3821,3038,1
3821,3213,1
3821,3591,1
3821,4228,1
3821,4424,1
3821,4770,1
3821,4898,1
3821,4936,1
3821,5289,1
3828,4129,1
3832,3173,1
3833,1496,1
3837,5066,1
3840,170,1
3840,252,1
3840,538,1
3840,776,1
3840,1130,1
3840,1592,1
3840,3841,1
3840,2077,1
3840,2138,1
3840,2288,1
3840,5739,1
3840,3111,1
3840,3268,1
3840,3318,1
3840,3607,1
3840,3819,1
3840,3843,1
3840,4190,1
3840,4385,1
3840,4845,1
3852,3853,1
3862,2450,1
3876,1651,1
3876,2035,1
3876,2417,1
3876,2427,1
3876,2640,1
3876,2765,1
3876,2931,1
3876,3161,1
3876,3703,1
3876,3873,1
3876,4270,1
3876,4297,1
3876,4486,1
3876,4659,1
3876,4779,1
3876,4859,1
3876,4878,1
3876,4935,1
3876,5139,1
3876,5153,1
3876,5318,1
3876,5342,1
3876,5448,1
3895,5213,1
3898,4331,1
3899,58,1
3899,2045,1
3899,3356,1
3901,730,1
3901,1874,1
3901,3802,1
3901,3872,1
3901,4585,1
3901,4702,1
3901,4796,1
3901,5488,1
3905,3014,1
3907,3129,1
3908,5746,1
3911,756,1
3922,4877,1
3925,112,1
3928,3316,1
3939,5675,1
3946,5518,1
3955,531,1
3955,698,1
3955,1483,1
3955,1515,1
3955,1545,1
3955,1573,1
3955,5703,1
3955,1754,1
3955,2252,1
3955,2667,1
3955,2924,1
3955,3175,1
3955,3480,1
3955,3702,1
3955,4083,1
3955,4092,1
3955,4098,1
3955,5059,1
3955,5071,1
3955,5073,1
3955,5102,1
3955,5275,1
3955,5284,1
3955,5581,1
3958,4804,1
3963,3955,1
3970,415,1
3978,1033,1
3978,1083,1
3978,2623,1
3978,3979,1
3983,3361,1
3984,839,1
3984,2516,1
3984,5434,1
3986,3987,1
3986,5211,1
4016,844,1
4016,1293,1
4020,203,1
4020,326,1
4020,855,1
4020,1052,1
4020,1140,1
4020,1241,1
4020,1683,1
4020,1838,1
4020,1910,1
4020,2301,1
4020,2488,1
4020,2673,1
4020,2684,1
4020,3674,1
4020,3816,1
4020,3882,1
4020,3903,1
4020,3917,1
4020,4022,1
4020,4051,1
4020,4391,1
4020,4446,1
4020,4597,1
4020,5431,1
4020,5481,1
4020,5562,1
4024,3253,1
4024,3373,1
4024,4481,1
4024,5338,1
4028,3129,1
4028,3508,1
4036,274,1
4036,745,1
4036,781,1
4036,801,1
4036,1003,1
4036,1296,1
4036,4037,1
4036,4038,1
4036,1885,1
4036,1926,1
4036,2042,1
4036,2642,1
4036,2968,1
4036,5824,1
4036,3114,1
4036,3266,1
4036,3410,1
4036,3554,1
4036,3974,1
4036,4627,1
4036,4039,1
4036,5117,1
4036,4040,1
4036,5273,1
4036,5357,1
4047,129,1
4047,212,1
4047,356,1
4047,409,1
4047,467,1
4047,534,1
4047,589,1
4047,649,1
4047,706,1
4047,740,1
4047,948,1
4047,958,1
4047,1418,1
4047,1471,1
4047,5790,1
4047,1587,1
4047,1593,1
4047,1709,1
4047,1710,1
4047,1755,1
4047,1808,1
4047,1872,1
4047,1986,1
4047,1995,1
4047,2094,1
4047,2247,1
4047,2262,1
4047,2709,1
4047,2794,1
4047,2795,1
4047,2799,1
4047,2844,1
4047,2889,1
4047,2918,1
4047,3044,1
4047,3084,1
4047,3106,1
4047,3172,1
4047,3190,1
4047,3220,1
4047,3252,1
4047,3291,1
4047,3293,1
4047,3333,1
4047,3447,1
4047,3474,1
4047,3485,1
4047,5857,1
4047,3609,1
4047,3610,1
4047,3628,1
4047,3675,1
4047,3689,1
4047,3692,1
4047,3809,1
4047,3893,1
4047,3916,1
4047,3977,1
4047,3980,1
4047,3994,1
4047,4006,1
4047,4007,1
4047,4008,1
4047,4012,1
4047,4013,1
4047,4034,1
4047,4172,1
4047,4351,1
4047,4360,1
4047,4455,1
4047,4587,1
4047,4589,1
4047,4667,1
4047,4719,1
4047,4785,1
4047,4846,1
4047,4926,1
4047,5126,1
4047,5474,1
4047,5492,1
4049,4346,1
4068,341,1
4068,493,1
4068,676,1
4068,758,1
4068,1177,1
4068,1224,1
4068,1589,1
4068,5702,1
4068,1699,1
4068,1725,1
4068,5714,1
4068,2120,1
4068,2292,1
4068,2405,1
4068,2475,1
4068,2553,1
4068,2612,1
4068,2810,1
4068,2847,1
4068,3012,1
4068,4069,1
4068,3109,1
4068,3255,1
4068,3324,1
4068,3631,1
4068,3695,1
4068,3706,1
4068,3742,1
4068,4041,1
4068,4064,1
4068,4072,1
4068,4076,1
4068,4176,1
4068,4247,1
4068,4339,1
4068,4717,1
4068,4854,1
4068,5020,1
4068,5583,1
4085,149,1
4085,4416,1
4087,256,1
4087,4088,1
4087,5235,1
4091,572,1
4094,3961,1
4096,4563,1
4097,3864,1
4100,2956,1
4105,992,1
4105,2994,1
4105,3576,1
4105,3653,1
4105,3811,1
4105,4071,1
4105,4828,1
4105,5206,1
4109,1289,1
4126,3014,1
4137,4895,1
4138,3611,1
4155,4185,1
4156,1304,1
4161,864,1
4167,216,1
4167,626,1
4167,939,1
4167,1228,1
4167,2929,1
4167,2945,1
4167,4166,1
4167,4588,1
4167,4746,1
4167,5085,1
4167,5354,1
4186,14,1
4186,5507,1
4192,4191,1
4195,4895,1
4197,4257,1
4201,3217,1
4202,3105,1
4203,1082,1
4203,5577,1
4207,878,1
4209,3129,1
4212,795,1
4220,4433,1
4220,5553,1
4223,1304,1
4225,4226,1
4231,5869,1
4236,2770,1
4242,25,1
4242,350,1
4242,535,1
4242,737,1
4242,1143,1
4242,1511,1
4242,1770,1
4242,2116,1
4242,2613,1
4242,2738,1
4242,3276,1
4242,3436,1
4242,4224,1
4242,4373,1
4242,4586,1
4242,4591,1
4242,5088,1
4248,4047,1
4252,3517,1
4252,4002,1
4254,438,1
4256,5696,1
4256,4757,1
4261,780,1
4261,4392,1
4261,4504,1
4263,1887,1
4263,5716,1
4263,5720,1
4263,1920,1
4264,5870,1
4264,5927,1
4264,5928,1
4264,5929,1
4265,3003,1
4269,3235,1
4281,2691,1
4288,2251,1
4291,575,1
4291,1907,1
4291,2226,1
4291,4397,1
4302,5930,1
4305,4547,1
4307,3899,1
4309,5675,1
4310,85,1
4315,3770,1
4325,702,1
4325,957,1
4325,1154,1
4325,1844,1
4325,2129,1
4325,2178,1
4325,2534,1
4325,2986,1
4325,3055,1
4325,3365,1
4325,3385,1
4325,3444,1
4325,3829,1
4325,4324,1
4325,4326,1
4325,4910,1
4325,4947,1
4325,5044,1
4325,5134,1
4341,5718,1
4344,91,1
4347,475,1
4366,2630,1
4369,1395,1
4379,2462,1
4413,747,1
4413,1125,1
4413,1157,1
4413,1546,1
4413,1559,1
4413,1599,1
4413,5701,1
4413,1690,1
4413,1877,1
4413,1963,1
4413,2466,1
4413,2571,1
4413,2650,1
4413,2766,1
4413,5750,1
4413,2897,1
4413,2952,1
4413,3871,1
4413,3927,1
4413,4408,1
4413,4551,1
4422,5733,1
4433,3991,1
4441,458,1
4442,3235,1
4453,3271,1
4455,4451,1
4466,5759,1
4485,60,1
4485,503,1
4485,869,1
4485,960,1
4485,1738,1
4485,2715,1
4485,3878,1
4485,4215,1
4485,4698,1
4485,5567,1
4487,2913,1
4489,5545,1
4495,5841,1
4497,3453,1
4497,5043,1
4502,572,1
4511,2989,1
4513,4669,1
4516,188,1
4516,976,1
4516,1679,1
4516,2524,1
4516,3937,1
4519,1206,1
4521,215,1
4521,2334,1
4522,3846,1
4525,627,1
4525,4020,1
4525,4691,1
4531,1558,1
4531,5204,1
4533,833,1
4533,978,1
4533,4534,1
4533,3569,1
4533,5348,1
4535,4020,1
4539,805,1
4539,830,1
4539,1239,1
4539,1864,1
4539,5711,1
4539,2773,1
4539,3941,1
4539,4015,1
4539,4355,1
4539,4773,1
4539,5254,1
4539,5452,1
4539,5491,1
4539,4540,1
4539,5601,1
4539,5606,1
4547,2636,1
4555,5372,1
4564,3263,1
4570,4568,1
4572,5251,1
4599,3235,1
4601,374,1
4608,774,1
4608,816,1
4608,875,1
4608,1785,1
4608,2109,1
4608,4609,1
4608,2879,1
4608,3087,1
4608,3713,1
4608,4610,1
4608,4278,1
4608,4427,1
4608,4524,1
4608,4798,1
4608,5260,1
4608,5514,1
4613,2447,1
4621,2251,1
4621,4622,1
4638,4792,1
4641,4652,1
4647,4648,1
4647,315,1
4647,2431,1
4647,3395,1
4647,5050,1
4647,5336,1
4651,686,1
4651,3529,1
4651,4010,1
4652,227,1
4652,332,1
4652,802,1
4652,832,1
4652,5753,1
4652,928,1
4652,975,1
4652,1200,1
4652,1336,1
4652,1360,1
4652,5770,1
4652,1490,1
4652,1655,1
4652,1809,1
4652,1890,1
4652,2043,1
4652,2072,1
4652,2199,1
4652,2213,1
4652,2343,1
4652,2345,1
4652,2436,1
4652,2448,1
4652,2498,1
4652,3122,1
4652,3446,1
4652,3478,1
4652,3482,1
4652,3568,1
4652,3636,1
4652,3652,1
4652,4159,1
4652,4596,1
4652,4963,1
4652,5114,1
4652,4654,1
4655,5489,1
4661,4827,1
4669,507,1
4669,2265,1
4669,3762,1
4669,4670,1
4669,5181,1
4669,5931,1
4675,3837,1
4707,1584,1
4708,1911,1
4708,4509,1
4710,715,1
4712,549,1
4712,5664,1
4712,1299,1
4712,2463,1
4712,4301,1
4727,2587,1
4727,3964,1
4728,3659,1
4729,1372,1
4734,4735,1
4734,5172,1
4734,5577,1
4737,1324,1
4743,2251,1
4752,5186,1
4755,4756,1
4757,2011,1
4757,2163,1
4757,2164,1
4757,5842,1
4757,4189,1
4757,4758,1
4757,5410,1
4768,164,1
4776,5932,1
4783,3416,1
4790,5233,1
4791,3666,1
4801,446,1
4801,504,1
4801,611,1
4801,612,1
4801,814,1
4801,872,1
4801,2656,1
4801,2774,1
4801,2782,1
4801,2783,1
4801,2870,1
4801,3567,1
4801,3691,1
4801,4081,1
4801,4163,1
4801,4249,1
4801,4823,1
4801,4824,1
4801,4865,1
4801,4874,1
4801,4886,1
4802,3271,1
4805,410,1
4805,524,1
4805,1704,1
4805,2069,1
4805,4806,1
4805,4262,1
4805,4311,1
4808,354,1
4808,4809,1
4816,3129,1
4819,92,1
4819,144,1
4819,441,1
4819,442,1
4819,590,1
4819,621,1
4819,711,1
4819,714,1
4819,726,1
4819,883,1
4819,951,1
4819,1079,1
4819,1159,1
4819,1186,1
4819,4820,1
4819,1380,1
4819,1578,1
4819,1665,1
4819,1880,1
4819,1896,1
4819,1978,1
4819,2064,1
4819,32,1
4819,2280,1
4819,2322,1
4819,2415,1
4819,2614,1
4819,2734,1
4819,2876,1
4819,3077,1
4819,3240,1
4819,3317,1
4819,3445,1
4819,3456,1
4819,3670,1
4819,3805,1
4819,4124,1
4819,4821,1
4819,4822,1
4819,4412,1
4819,4436,1
4819,4464,1
4819,5761,1
4819,5762,1
4819,4523,1
4819,4528,1
4819,4923,1
4819,4975,1
4819,5090,1
4819,5158,1
4819,5167,1
4819,5333,1
4819,5405,1
4819,5611,1
4825,1172,1
4826,2943,1
4826,4057,1
4826,4146,1
4841,4652,1
4847,803,1
4847,1453,1
4847,2141,1
4847,3402,1
4847,3433,1
4847,4353,1
4847,4462,1
4847,5760,1
4847,4606,1
4847,5182,1
4847,5391,1
4847,5392,1
4852,3666,1
4853,1081,1
4855,496,1
4875,2455,1
4877,5330,1
4879,724,1
4879,1404,1
4879,1739,1
4879,1744,1
4879,1750,1
4879,1758,1
4879,2096,1
4879,2183,1
4879,2882,1
4879,3931,1
4883,5933,1
4887,856,1
4888,2403,1
4888,3784,1
4901,3095,1
4903,11,1
4911,335,1
4911,5116,1
4922,864,1
4927,756,1
4932,4470,1
4932,4547,1
4933,1607,1
4937,3009,1
4950,5867,1
4955,166,1
4965,1351,1
4968,485,1
4971,572,1
4993,5934,1
4994,5034,1
5000,265,1
5000,662,1
5000,2340,1
5000,2434,1
5000,3156,1
5000,4171,1
5000,5470,1
5003,884,1
5019,1378,1
5026,4885,1
5038,1990,1
5038,1992,1
5049,567,1
5052,5935,1
5053,2001,1
5053,5061,1
5057,5058,1
5060,191,1
5060,202,1
5060,355,1
5060,729,1
5060,2127,1
5060,2880,1
5060,5166,1
5062,5659,1
5062,3657,1
5062,5063,1
5064,3975,1
5069,4605,1
5076,732,1
5076,4875,1
5080,4570,1
5082,3129,1
5091,1888,1
5093,579,1
5094,2249,1
5099,4855,1
5101,4099,1
5101,5232,1
5103,2600,1
5103,4113,1
5112,3950,1
5113,904,1
5113,1432,1
5118,75,1
5119,2814,1
5124,5125,1
5124,670,1
5124,1063,1
5124,1106,1
5124,1543,1
5124,2508,1
5124,2848,1
5124,2853,1
5124,3264,1
5124,3350,1
5124,4063,1
5124,4128,1
5124,4403,1
5124,5264,1
5140,1581,1
5143,5242,1
5154,2295,1
5154,4157,1
5155,3235,1
5165,2022,1
5168,1095,1
5168,1743,1
5168,5808,1
5168,5817,1
5169,2512,1
5170,106,1
5170,108,1
5170,276,1
5170,283,1
5170,295,1
5170,429,1
5170,585,1
5170,784,1
5170,5679,1
5170,1805,1
5170,1828,1
5170,2171,1
5170,2456,1
5170,2576,1
5170,3096,1
5170,4121,1
5170,5248,1
5170,5278,1
5170,5285,1
5170,5608,1
5176,2725,1
5177,3061,1
5186,5487,1
5188,125,1
5189,4484,1
5189,5372,1
5197,5884,1
5197,5775,1
5199,394,1
5199,1131,1
5199,2229,1
5199,2996,1
5199,4571,1
5199,5040,1
5214,1400,1
5216,5572,1
5221,2511,1
5234,2580,1
5237,72,1
5237,663,1
5237,1209,1
5237,2518,1
5237,2536,1
5237,2764,1
5237,3119,1
5237,3391,1
5237,3477,1
5237,3838,1
5237,4742,1
5237,4957,1
5237,5056,1
5237,5400,1
5237,5503,1
5238,5515,1
5240,5769,1
5242,70,1
5242,73,1
5242,201,1
5242,320,1
5242,373,1
5242,536,1
5242,564,1
5242,571,1
5242,5647,1
5242,735,1
5242,751,1
5242,827,1
5242,831,1
5242,842,1
5242,5243,1
5242,5665,1
5242,1212,1
5242,1242,1
5242,1613,1
5242,2034,1
5242,2052,1
5242,2177,1
5242,2185,1
5242,2644,1
5242,2660,1
5242,5244,1
5242,3024,1
5242,5245,1
5242,3301,1
5242,3570,1
5242,4469,1
5242,5811,1
5242,4639,1
5242,4657,1
5242,4701,1
5242,4880,1
5242,5074,1
5242,5202,1
5242,5288,1
5242,5291,1
5242,5301,1
5242,5340,1
5242,5389,1
5242,5408,1
5242,5409,1
5242,5465,1
5242,5529,1
5242,5574,1
5242,5619,1
5258,169,1
5259,5261,1
5263,4563,1
5272,572,1
5276,646,1
5276,2092,1
5276,5812,1
5276,5281,1
5276,5282,1
5280,547,1
5280,5757,1
5286,2935,1
5299,2858,1
5299,2967,1
5305,1204,1
5305,1399,1
5305,1637,1
5305,5815,1
5305,2564,1
5305,5306,1
5305,5816,1
5305,5307,1
5305,4501,1
5305,4761,1
5312,5379,1
5321,5322,1
5323,5787,1
5329,3271,1
5331,316,1
5331,317,1
5331,3262,1
5331,5537,1
5331,5596,1
5334,225,1
5334,1210,1
5334,1601,1
5334,2661,1
5334,5310,1
5334,5344,1
5345,5409,1
5355,545,1
5356,1617,1
5356,2235,1
5362,5363,1
5367,5379,1
5369,5367,1
5369,5368,1
5370,1000,1
5372,2140,1
5375,522,1
5375,614,1
5375,625,1
5375,1045,1
5375,1096,1
5375,1181,1
5375,2029,1
5375,2062,1
5375,2175,1
5375,2310,1
5375,5376,1
5375,2499,1
5375,2515,1
5375,2543,1
5375,2849,1
5375,5803,1
5375,3137,1
5375,3378,1
5375,3620,1
5375,3870,1
5375,5860,1
5375,4251,1
5375,4407,1
5375,4660,1
5375,4688,1
5375,5068,1
5375,5380,1
5375,5382,1
5375,5524,1
5375,5377,1
5379,39,1
5379,4077,1
5379,4468,1
5379,5190,1
5384,5385,1
5411,4085,1
5418,2607,1
5440,1446,1
5440,2617,1
5441,3129,1
5446,1451,1
5446,5447,1
5446,3102,1
5446,3522,1
5446,5609,1
5467,1717,1
5482,4343,1
5493,3235,1
5502,1366,1
5509,1584,1
5528,2722,1
5532,3014,1
5533,248,1
5533,388,1
5533,553,1
5533,851,1
5533,952,1
5533,1088,1
5533,5830,1
5533,1188,1
5533,1260,1
5533,1269,1
5533,1338,1
5533,1519,1
5533,1535,1
5533,1564,1
5533,1700,1
5533,1741,1
5533,2222,1
5533,2461,1
5533,2743,1
5533,2937,1
5533,3352,1
5533,3418,1
5533,4025,1
5533,4409,1
5533,4595,1
5533,5201,1
5550,3540,1
5573,5397,1
5586,3321,1
5586,3320,1
5590,454,1
5590,3504,1
5590,4868,1
5590,5404,1
5595,1431,1
5595,5828,1
5595,5027,1
5610,1829,1
5618,4679,1
5622,5623,1
5628,5237,1
5630,393,1
5630,1693,1
5630,1842,1
5630,2628,1
5630,2969,1
5630,3526,1
5630,4612,1
5632,4966,1
5637,1201,1
5637,4741,1
5641,5841,1
5648,2194,1
5654,756,1
5655,831,1
5662,257,1
5662,497,1
5662,818,1
5662,894,1
5662,959,1
5662,1233,1
5662,1381,1
5662,1401,1
5662,1544,1
5662,2245,1
5662,2270,1
5662,2473,1
5662,2616,1
5662,2678,1
5662,2991,1
5662,3226,1
5662,5794,1
5662,3369,1
5662,3547,1
5662,3761,1
5662,3888,1
5662,4352,1
5662,4363,1
5662,4549,1
5662,4704,1
5662,4764,1
5662,4817,1
5662,4934,1
5662,5328,1
5670,1992,1
5678,2308,1
5684,2049,1
5695,1429,1
5700,1837,1
5700,3704,1
5710,1550,1
5715,4,1
5715,644,1
5715,5653,1
5715,778,1
5715,1061,1
5715,3382,1
5715,3389,1
5715,3676,1
5715,4642,1
5715,4656,1
5715,4920,1
5715,4990,1
5715,5374,1
5715,5556,1
5717,2251,1
5721,756,1
5733,3415,1
5734,601,1
5734,1909,1
5736,181,1
5736,775,1
5736,1707,1
5736,2760,1
5736,2998,1
5736,3311,1
5736,3412,1
5736,3434,1
5736,3466,1
5736,3658,1
5736,3694,1
5736,4116,1
5736,4337,1
5736,4863,1
5736,4980,1
5736,5383,1
5767,1862,1
5768,2173,1
5774,756,1
5775,18,1
5775,266,1
5775,721,1
5775,5657,1
5775,5776,1
5775,956,1
5775,979,1
5775,1031,1
5775,1065,1
5775,1070,1
5775,1094,1
5775,4938,1
5775,4939,1
5775,1258,1
5775,1284,1
5775,1827,1
5775,1886,1
5775,1902,1
5775,2003,1
5775,4940,1
5775,2070,1
5775,2100,1
5775,2158,1
5775,2161,1
5775,2197,1
5775,2297,1
5775,2445,1
5775,2523,1
5775,2622,1
5775,2733,1
5775,2970,1
5775,3031,1
5775,3032,1
5775,3124,1
5775,3144,1
5775,3151,1
5775,3329,1
5775,3357,1
5775,3377,1
5775,3432,1
5775,3625,1
5775,3850,1
5775,3866,1
5775,4941,1
5775,4942,1
5775,3956,1
5775,4033,1
5775,4943,1
5775,4135,1
5775,4458,1
5775,4629,1
5775,4700,1
5775,4739,1
5775,4892,1
5775,4982,1
5775,5033,1
5775,5036,1
5775,5271,1
5775,5327,1
5775,5484,1
5775,5516,1
5775,5519,1
5784,2915,1
5784,2955,1
5785,2107,1
5786,4563,1
5809,147,1
5809,749,1
5809,2006,1
5809,2278,1
5809,3381,1
5809,4300,1
5809,4490,1
5809,4598,1
5809,4813,1
5814,3666,1
5841,5923,1
5849,4267,1
5862,4843,1
5873,3235,1
5874,449,1
5882,4283,1
0,6,0
0,8,0
0,10,0
0,16,0
0,28,0
0,34,0
0,80,0
0,85,0
0,87,0
0,112,0
0,125,0
0,146,0
0,154,0
0,164,0
0,169,0
0,175,0
0,187,0
0,199,0
0,208,0
0,221,0
0,259,0
0,290,0
0,292,0
0,297,0
0,327,0
0,330,0
0,335,0
0,336,0
0,344,0
0,353,0
0,398,0
0,404,0
0,405,0
0,428,0
0,430,0
0,438,0
0,456,0
0,457,0
0,458,0
0,462,0
0,465,0
0,485,0
0,492,0
0,542,0
0,545,0
0,558,0
0,570,0
0,575,0
0,608,0
0,609,0
0,660,0
0,746,0
0,760,0
0,767,0
0,772,0
0,779,0
0,783,0
0,795,0
0,815,0
0,823,0
0,826,0
0,848,0
0,863,0
0,904,0
0,921,0
0,930,0
0,931,0
0,945,0
0,995,0
0,1002,0
0,1040,0
0,1042,0
0,1058,0
0,1091,0
0,1104,0
0,1124,0
0,1141,0
0,1144,0
0,1160,0
0,1190,0
0,1206,0
0,1231,0
0,1240,0
0,1244,0
0,1246,0
0,1248,0
0,1276,0
0,1283,0
0,1300,0
0,1310,0
0,1341,0
0,1351,0
0,1361,0
0,1372,0
0,1375,0
0,1395,0
0,1447,0
0,1459,0
0,1466,0
0,1489,0
0,1496,0
0,1538,0
0,1550,0
0,1552,0
0,1558,0
0,1568,0
0,1579,0
0,1581,0
0,1596,0
0,1598,0
0,1615,0
0,1620,0
0,1632,0
0,1634,0
0,1791,0
0,1831,0
0,1848,0
0,1852,0
0,1855,0
0,1862,0
0,1887,0
0,1892,0
0,1899,0
0,1941,0
0,1943,0
0,1962,0
0,2022,0
0,2040,0
0,2049,0
0,2053,0
0,2054,0
0,2058,0
0,2103,0
0,2107,0
0,2118,0
0,2184,0
0,2208,0
0,2242,0
0,2249,0
0,2260,0
0,2305,0
0,2335,0
0,2450,0
0,2462,0
0,2469,0
0,2471,0
0,2491,0
0,2493,0
0,2512,0
0,2525,0
0,2563,0
0,2570,0
0,2580,0
0,2602,0
0,2605,0
0,2618,0
0,2630,0
0,2681,0
0,2686,0
0,2692,0
0,2703,0
0,2724,0
0,2781,0
0,2808,0
0,2813,0
0,2850,0
0,2864,0
0,2920,0
0,2943,0
0,2949,0
0,2956,0
0,2981,0
0,2989,0
0,3003,0
0,3028,0
0,3138,0
0,3145,0
0,3217,0
0,3245,0
0,3263,0
0,3297,0
0,3320,0
0,3416,0
0,3552,0
0,3575,0
0,3635,0
0,3650,0
0,3770,0
0,3804,0
0,3828,0
0,3846,0
0,3864,0
0,3895,0
0,3898,0
0,3908,0
0,3946,0
0,3950,0
0,3958,0
0,3961,0
0,3991,0
0,4049,0
0,4130,0
0,4225,0
0,4229,0
0,4231,0
0,4283,0
0,4343,0
0,4466,0
0,4489,0
0,4568,0
0,4605,0
0,4661,0
0,4679,0
0,4755,0
0,4843,0
0,4966,0
0,5057,0
0,5216,0
0,5321,0
0,5323,0
0,5362,0
0,5397,0
0,5622,0
