id,name
10,立規
17,疾
38,龐百篇
44,龐邵
50,龐復言
56,龐㴶
62,龐蘊
68,龐嚴
114,座客
125,雍裕之
132,雍氏
138,雍陶
330,塵外
357,彥昇
374,廖融
409,廖凝
424,廖有方
430,廖匡圖
450,齊一
464,齊己
1141,僧達
1291,九華
1897,鄭谷神
1901,節大德
1990,齊古
1997,齊孝若
2004,齊杭
2027,齊映
2051,齊鎬
2057,齊翔
2083,方千
3074,錢特卿
3226,方及
3233,方外
3259,方龜精
3265,方郜
3277,方睦
3283,方巨之
3290,高亭
3302,高彥
3308,高詢
3350,高讜
3356,高正臣
3376,高元裕
3404,高元固
3424,高霽
3432,高霞寓
3443,髙璩
3465,高瑀
3480,高球
3493,高戩
3506,高耽
3520,高瑾
3541,高季興
3558,高仁厚
3569,高衢
3576,高仙芝
3587,高嶠
3599,高崇文
3605,高崇節
3614,高參
3621,高傪
4699,高密公主
4705,高洪
4711,高遠
4720,高湘
4745,高湜
4755,高退之
4767,高遂
4773,高道
4780,高九經
4786,高士廉
4796,高士安
4803,高真動
4809,高式顔
4822,高越
4847,高蔓
4869,高萬生
4877,高英善
4883,高如貴
4890,高鶴林
4897,高援
4904,高輦
4933,高拯
4939,高蟾
4964,高景秀
4970,高郢
4991,高周封
4999,高閑
5009,高駢
5084,高勝
5093,高鍇
5099,高釴
5109,高鎭
5118,高銖
5126,商玲瓏
5136,商季皋
5149,席謙
5158,席元明
5166,席豫
5193,席夔
5221,庸仁傑
5228,應德茂
5237,應之
5243,應浩然
5253,康庭芝
5271,康紹
5277,康造
5300,康沼
5306,康洽
5320,康士遐
5327,康成公
5334,康日知
5342,康昭遠
5357,康駢
5376,庾玄師
5382,庾承宣
5396,庾及之
5409,庾道蔚
5415,庾敬休
5500,庾抱
5509,庾光先
5526,廉察
5533,廉女真
5540,慶奴
5547,摩訶
5554,唐彥謙
5707,唐高
5721,唐禀
5733,唐誡
5740,唐弘
5745,唐弘夫
5752,唐環
5758,唐仁烈
5769,唐衢
5795,唐紹
5801,唐永昌
5849,唐遠悊
5860,唐洙
5866,唐溫琪
5872,唐次
5885,唐道襲
5898,唐有熊
5911,唐求
5976,唐如晦
5982,唐朝臣
5994,唐朝美
5999,唐奉一
6006,唐持
6018,唐扶
6053,唐思亶
6062,唐思言
6074,唐旻
6086,唐昌公主
6092,唐暄
6101,唐昭遠
6108,唐義識
6114,唐知言
6121,唐節
6128,廣文諸生
6133,廣利
6146,廣宣
6358,廣濟
6370,廣通
6385,麻慈力
6397,文應
6403,文秀
6452,文依
6458,文穎
6464,文川
6470,文約
6480,文江
6486,文浦
6492,文浩
6498,文涓
6505,文茂
6531,文英
6541,文著
6549,文郁
6555,文惠
6561,文暢
6579,文周
6586,文勝
6592,文益
6603,文會
6610,辛諤
6629,辛霽
6635,辛弘智
6645,辛巢父
6667,辛昇之
6677,辛漸
6686,辛吉甫
6693,辛替否
6700,辛晃
6721,辛丘度
6736,辛學士
6752,章玄同
6758,章碣
6807,章仇良
6818,章仇兼瓊
6825,章彝
6877,章魯封
6889,章吉甫
6896,章壽朋
6904,章孝標
7102,章八元
7143,辨玉
7149,辨聰
7157,辨才
7171,言之
7177,言樞
7184,玄亮
7190,玄武
7195,玄貞
7202,玄巖
7208,玄奘
7229,玄和
7235,玄微
7241,玄福
7247,玄逵
7272,玄昶
7278,玄士
7284,玄觀
7290,玄泰
7308,玄哲
7315,玄瞻
7334,玄陽
7340,玄同
7347,袞師
7360,裒
7383,顔詡
7389,顏韶
7397,顏頊
7410,顏延之
7417,顏須
7434,顔顓
7451,顔師古
7457,顔峴
7459,李適之
7474,顔粲
7481,顏渾
7481,顔渾
7494,顔逸
7501,顏士騁
7510,顏真卿
7510,顔真卿
7817,顔標
7823,顏萱
7855,顔惠
7873,顔覺
7882,譚遠
7888,譚用之
7961,誡盈
7968,識古
7975,謝庭皓
7981,謝麟
7987,謝石
7993,謝偃
8001,謝勮
8008,謝生
8014,謝仲宣
8021,謝自然
8038,謝叔方
8044,謝良弼
8052,謝良輔
8087,謝遺塵
8093,謝太虛
8105,謝南池
8115,謝觀
8126,謝楊兒
8133,謝好
8139,謝柳察
8145,謝夷甫
8152,謝防
8160,護國
8207,諸葛覺
8228,翊西
8237,郭正一
8259,郭震
8259,郭震（字元振）
8312,郭夏
8327,郭雲
8333,郭廷謂
8339,郭勁
8346,郭承嘏
8352,郭子儀
8396,郭受
8407,郭季鷹
8413,郭虛舟
8423,郭行餘
8447,郭紹蘭
8453,郭微
8478,郭從義
8483,郭良
8496,郭良輔
8502,郭涯
8517,郭澹
8535,郭凝素
8541,郭通微
8547,郭道源
8553,郭乂
8560,郭太后
8566,郭布
8573,郭求
8579,郭婉
8585,郭婉儀
8596,郭英乂
8609,郭黃中
8615,郭中孚
8621,郭旼
8629,郭圓
8643,郭曖
8657,郭鄖
8672,郭廈
8687,郭冏
8693,郭銓
8699,郭縱
8699,郭鏦
8709,郭愼微
8716,詢公
8725,謬獨一
8732,施璘
8738,施肩吾
8972,謙明
8985,許彥昭
8991,許康佐
8997,許顔
9003,許天正
9009,許璋
9015,許雲封
9021,許飛瓊
9027,許琳
9033,許融
9039,許孟容
9102,許玖
9114,許子正
9120,許子儒
9126,許巢
9132,許牘
9141,許緯
9153,許仲與
9160,許叔載
9169,許宣平
9180,許纒
9186,許宗憲
9193,許法稜
9204,許溫
9210,許遇
9216,許渾
10510,馬鎭西
10767,許堯佐
10774,許壽
10780,許彬
10837,許蘭
10842,許敬宗
10990,許中庸
10996,許損
11004,許恩
11028,許圉師
11041,許景先
11077,許暐
11083,許鳴謙
11090,許堅
11101,許問
11107,許籌
11113,許裳
11120,許棠
11431,談弘謨
11437,談皓
11453,一行
11461,正一
11467,正弘
11488,三惠
11501,玉霄
11507,玉淸
11519,玉真公主
11565,玉華
11573,玉簫
11580,王主敬
11589,王彥威
11608,王文
11614,王文仲
11620,王文矩
11628,王玄伯
11634,王顔
11643,王諲
11649,王端
11655,王誕
11662,王斌
11669,王誼
11675,王說
11681,王正己
11693,王正夫
11699,王至德
11707,王靈妃
11714,王元
11735,王元裕
11741,王震
11763,王霞卿
11775,王可封
11781,王霖
11787,王班
11793,王碩
11800,王璠
11851,王烈
11857,王廷珪
11863,王延政
11870,王延彬
11928,王延昌
11940,王砅
11947,王武俊
11953,王武陵
11968,王瓘
11983,王勔
11991,王建
12722,王建
12790,王理得
12796,王羽
12812,王珣
12819,王琚
12839,王璵
12845,王承系
12851,王承旨
12856,王承俊
12865,王子文
12871,王子载
12883,王璘
12889,王重
12895,王重榮
12901,王依
12908,王季文
12914,王季友
13017,王維
13496,宋進馬
13863,賀遂
14223,王衍
14284,王仁裕
14327,王處直
14333,王處回
14339,王行周
14347,王熊
14364,王師魯
14373,王師曾
14380,王師簡
14387,王師範
14402,王𩔪
14409,王貞
14415,王貞白
14507,王貞素
14513,王縉
14658,王穎悟
14665,王崟
14686,王岑
14693,王嵩
14703,王嵩隱
14709,王仙喬
14714,王仙仙
14725,王仙客
14738,王仙柯
14744,王邕
14746,懷素
14758,王山人
14764,王繼勳
14770,王繼鵬
14782,王參
14791,王允光
14797,王絿
14803,王倚
14809,王德真
14815,王儲
14821,王贊學
14827,王紞
14842,王綺
14849,王緯
14868,王緒
14875,王伸
14881,王仲華
14888,王仲周
14902,王仲舒
14917,王傳
14937,王純
14961,王繢
14971,王績
15050,王皇后
15068,王伯倫
15074,王伯固
15079,王總
15085,王龜
15110,王倜
15116,王修甫
15129,王彝訓
15135,王魯復
15153,王叡
15159,王紓
15168,王紹
15194,王紹宗
15202,王倫
15208,王徹
15214,王牧
15221,王縱
15234,王注
15244,王汶
15254,王寧
15260,王宁
15266,王永
15273,王之渙
15298,王守澄
15308,王宇
15315,王審知
15353,王良士
15365,王良會
15382,王密卿
15388,王定保
15394,王宗壽
15400,王宗城
15414,王涯
15584,王泌
15592,王溥
15606,王法
15612,王逵
15621,王達
15627,王沛
15634,王迪
15640,王遘
15665,王況
15671,王渢
15694,王潤
15700,王潮
15712,王渙
15732,王澹
15738,王凝
15749,王滌
15786,王迥
15828,王逢
15849,王澈
15856,王遂
15862,王棨
15871,王逖
15877,王太后
15891,王奭
15897,王直
15903,王直方
15913,王有初
15919,王希羽
15925,王志安
15932,王古敏
15937,王奇光
15943,王雄
15955,王去微
15962,王檀
15968,王樞
15974,王求
15986,王越賓
15992,王藻
15998,王夢周
16007,王棼
16014,王茂元
16047,王茂時
16055,王蘇蘇
16066,王孝廉
16094,王勃
16193,王謩
16206,王著
16211,王蕃
16217,王藹
16225,王甚夷
16237,王楚
16247,王駕
16274,王韞秀
16288,王柷
16295,王枳
16307,王毂
16325,王起
16643,王赦
16649,王翰
16707,王中立
16713,王惠翼
16720,王忠臣
16733,王振
16742,王播
16787,王威古
16799,王感化
16810,王撙
16824,王損之
16830,王拯
16842,王輅
16847,王契
16858,王擒
16882,王衆仲
16889,王思禮
16896,王思道
16902,王早
16917,王昌齡
16979,王越
17478,王昌涉
17484,王圓
17491,王景
17498,王晙
17521,王儼
17527,王昭符
17536,王嗣之
17542,王晦伯
17555,王丘
17578,王質
17588,王質夫
17636,王隨
17642,王陵
17648,王閏
17660,王鳳兒
17666,王周
17700,王展
17706,王閈
17712,王開
17718,王卿
17746,王臨
17752,王全
17758,王釜
17764,王翁信
17776,王無競
17809,王倉
17815,王公亮
17825,王公易
17832,王鉅
17842,王鍇
17852,王鋌
17859,王錥
17867,王鍔
17873,王錫
17879,王鐸
17935,王知白
17943,王智興
17949,王鎰
17955,王鑑
17963,王銷
17970,崔垂休
17976,王光庭
17999,王光輔
18006,王尚一
18013,王炎
18019,王恆
18029,王慥
18066,王悔
18073,至言
18080,至弘
18091,至寂
18106,至嚴
18114,亞齊
18120,亜仙
18133,豆盧仁業
18139,豆盧峯
18163,豆盧次方
18173,豆盧策
18188,靈應
18198,靈一
18621,靈準
18629,靈祐
18639,靈初
18645,靈符
18652,疏言
18660,聶夷中
18675,雪峯
18682,雪竇
18698,丁飛舉
18704,丁瓊
18710,丁仙芝
18741,丁稜
18755,丁寓
18766,丁鳳
18777,丁居晦
18796,丁公著
18804,元亨
18816,元誅
18829,元亘
18840,元瑞
18846,元承
18853,元子球
18859,元俯
18873,元孚
18932,元皎
18942,元集虛
18964,元秬
18971,元紱
18977,元德秀
18994,元偉
19013,元緒
19027,元結
19128,元稹
20401,李娃
21993,元積
21999,元伯和
22006,元和舉子
22012,元紹
22018,元從簡
22025,元注
22043,元宗筒
22043,元宗簡
22217,元源休
22223,元演
22229,元祐
22235,元達
22245,元遂
22258,元道
22264,元克己
22282,元荆
22375,元萬頃
22411,元樊
22420,元持
22427,元晝
22434,元盛
22441,元撝
22447,元昱
22453,元暠
22459,元晟
22481,元昌
22487,元曉
22493,元晦
22504,元願
22510,元長楚
22516,元降真
22522,元丹丘
22583,元開
22590,元全柔
22597,元鏡微
22604,元谷
22613,元敍
22619,元錫
22635,元簡
22642,霍總
22652,霄韻
22665,夏方慶
22676,夏侯孜
22683,夏侯審
22740,夏寶松
22746,夏鴻
22752,夏瞻
22758,夏郢
22851,于季子
22866,于季友
22887,于經野
22901,于德晦
22907,于休烈
22914,于幼卿
22920,于鵠
23095,于良史
23114,于汝錫
23126,于濤
23133,于祐
23144,于鄴
23174,于逖
23196,于克構
23202,于志寧
23216,于兢
23222,于蘊玉
23234,于頔
23303,于敖
23310,于丹
23323,于興宗
23436,于人文
23454,于益
23462,覃懷
23469,平康妓
23475,平澹然
23485,平曾
23500,平等
23508,无願
23518,天得
23525,天寶宮人
23534,天目僧
23540,再陽
23553,石賈
23559,石重貴
23565,石季武
23571,石上宅嗣
23573,鑒真
23576,石守道
23582,石冰
23588,石洪
23595,石雄
23615,石晝
23621,石惠泰
23627,石抱忠
23633,石壁禪師
23639,石貫
23656,石欽若
23662,百巖
23669,西蟾
23679,西鄙人
23686,雷禪
23693,可止
23715,可倫
23721,可準
23741,可朋
23764,哥舒翰
23816,哥舒恆
23823,哥舒煩
23830,雲辨
23836,雲端
23842,雲皋
23857,雲安公主
23868,雲寂
23874,雲栖
23884,雲英
23890,雲英
23895,雲棲
23901,雲晏
23908,雲顥
23914,雲居
23920,雲卿
23933,賈膺福
23939,賈言淑
23948,賈言忠
23958,賈至
24192,賈戬
24199,賈耽
24205,賈琛
24211,賈季良
24218,賈師雄
24224,賈嵩
24238,賈循
24245,賈邕
24265,賈島
25119,成湘
25690,賈淳
25696,賈希
25702,賈載
25708,賈謩
25724,賈松
25730,賈泰
25736,賈握中
25744,賈昇
25753,賈匡
25764,賈區
25774,賈隨
25780,賈馳
25786,賈鵬
25796,賈全虛
25804,賈弇
25823,賈曾
25842,賈餗
25882,賈恆
25890,不疑
25899,不空
25907,不思
25914,班震
25930,班景倩
25937,項信
25943,項洙
25952,項斯
26110,張立
26112,李亶
26122,張彥
26141,張彥回
26148,張齊物
26159,張文琮
26174,張文瓘
26180,張文規
26187,張諲
26260,張計
26266,張讚
26272,張謂
26396,張諤
26437,張望
26448,張調
26468,張鷟
26474,張說
27834,張正一
27853,張正元
27867,張正謩
27873,張正甫
27903,張正則
27909,張元一
27928,張元夫
27938,張元易
27944,張夏
27965,張霞
27974,張天覺
27988,張可績
28002,張雲峯
28008,張雲容
28019,張雲舉
28029,張賈
28061,張賈
28095,張頂
28101,張登
28139,張弘靖
28211,張延賞
28221,張融
28227,張建
28235,張建封
28299,張環
28311,張璪
28322,張碧
28341,張孟熊
28352,張琚
28360,張瑤
28366,張玖
28372,張子顔
28379,張子容
28508,張子厚
28514,張翬
28521,張翼
28526,張玠
28535,張孜
28541,張孜幻
28546,張乖厓
28551,張喬
28641,僧鸞
28832,張季霞
28840,張季友
28846,張維
28853,張顗
28859,張仁亶
28896,張偁
28902,張衡
28909,張貞期
28916,張制疑
28922,張彪
28936,張鼎
28943,張鼎
28949,張徯
28955,張循之
28970,張嶠
28981,張繼
29107,張參
29118,張獻誠
29129,張獻心
29146,張僓
29156,張休
29162,張特玄
29168,張綺
29175,張紘
29181,張生
29195,張仲方
29241,張仲元
29252,張仲彝
29288,張仲甫
29304,張伯佳
29312,張伯儀
29321,張伯雄
29331,張伯剛
29338,張殷儒
29343,張殷衡
29353,張儋
29359,張佀
29364,張彝
29370,張魯封
29392,張叔政
29399,張叔宗
29406,張叔卿
29413,張徹
29450,張徵古
29456,張復元
29472,張復珪
29478,張從恩
29486,張宣
29492,張宣明
29510,張扈
29517,張進
29523,張之緒
29530,張守珪
29536,張宙
29543,張審禮
29549,張實
29556,張宗原
29562,張涉
29576,張濬
29599,張源
29605,張巡
29611,張泌
29625,張爲
29646,張濛
29656,張渚
29662,張濆
29675, 張祜
29675,張祜
30523,張達
30529,張淸
30535,張洎
30553,張溫琪
30566,張渙
30572,張淑
30578,張渾
30599,張次宗
30610,張深
30616,張迥
30622,張遙
30628,張祥
30634,張道古
30653,張道符
30667,張九章
30673,張九皋
30694,張九齡
31308,張太和
31314,張大安
31326,張希復
31424,張南容
31426,玉淸
31430,張南史
31610,張南簡
31616,張志尹
31622,張志和
31663,張嘉貞
31681,張吉甫
31686,張雄
31692,張去非
31699,張賁
31946,張極
31952,張弋
31958,張戴玄
31965,張芬
31996,張芳
32002,張薦
32188,張蕭遠
32211,張蒙
32243,張茂樞
32287,張苕
32293,張著
32299,張蔇
32314,張權
32320,張植
32326,張坤
32339,張旭
32365,張堉
32392,張觀
32403,張均
32432,張埱
32438,張歡
32444,張朝
32451,張好好
32460,張起
32476,張超
32487,張栩
32496,張格
32502,張敬微
32508,張敬忠
32522,張松齡
32528,張聿
32547,張晝
32553,張奉國
32559,張柬之
32575,張振祖
32583,張揆
32589,張彧
32591,李晟
32594,張蠙
32767,張成
32773,張成季
32780,張抱元
32786,張擢
32792,張易
32803,張易之
32821,張衆甫
32851,張曼容
32859,張昇卿
32865,張暈
32872,張昌齡
32877,張昌宗
32899,張昌期
32905,張固
32918,張署
32975,張果
32992,張景宣
32998,張景源
33011,張貽
33017,張時遇
33025,張時初
33032,張曙
33051,張嚴
33058,張昭
33065,張厚
33076,張廈
33083,張隱
33089,張后胤
33095,張彤
33114,張氏
33125,張氏
33131,張氏女
33141,張質
33147,張驂鸞
33160,張盥
33166,張凡
33171,張又新
33208,張全義
33214,張鏡微
33220,張鎬
33235,張令問
33241,張義方
33266,張義府
33272,張谷
33278,張矩
33285,張錫
33304,張舒
33310,張鎰
33317,張筠
33323,張篆
33331,張符
33337,張管
33347,張籍
34595,張惟
34602,張惟貞
34611,張惟儉
34623,張懷慶
34629,張愔
34642,張光
34648,張光朝
34654,張裳
34662,張怡
34668,張燧
34682,裴度
35278,裴袞
35300,裴端
35306,裴誼
35313,裴識
35318,裴敦復
35325,裴說
35398,裴談
35408,裴璋
35423,裴霸
35433,裴雲客
35439,裴斐
35445,裴頲
35509,裴冀
35519,裴弘泰
35533,裴延齡
35542,裴廷裕
35556,裴延翰
35562,裴瓚
35580,裴羽仙
35633,裴政
35645,裴集
35653,裴行立
35753,裴行儉
35795,裴佶
35812,裴休
35868,裴幼淸
35890,裴贊
35898,裴緒
35906,裴結
35913,裴仲堪
35919,裴伷先
35925,裴傑
35935,裴皡
35941,裴總
35947,裴向
35953,裴修
35954,顏真卿
35960,裴翻
35972,裴儆
35979,裴徵
36031,裴寬
36037,裴守真
36059,裴漼
36085,裴澄
36092,裴淸
36107,裴禮
36115,裴迪
36279,裴渥
36289,裴瀾
36295,裴淑
36332,裴通
36340,裴澈
36346,裴洽
36359,裴潾
36409,裴大章
36417,裴大澤
36424,裴墉
36443,裴樞
36464,裴戡
36471,裴堪
36498,裴贄
36523,趙光胤
36564,裴垍
36605,裴坦
36655,裴觀
36661,裴均
36675,裴敬中
36681,裴夷直
36795,裴泰
36801,裴冑
36812,裴冑先
36819,裴素
36839,裴頔
36845,裴虬
36877,裴冕
36891,裴思謙
36897,裴旻
36903,裴昌禹
36916,裴圖南
36927,裴晤
36935,裴勛
36946,裴略
36955,裴陟
36961,裴隱
36983,裴朏
36994,裴周
37003,裴居言
37009,裴居晦
37017,裴闡
37023,裴騰
37029,裴饒
37038,裴筠
37044,裴光庭
37087,裴惲
37093,裴耀卿
37116,裴恰
37126,冀珪
37138,弘忍
37144,弘秀
37150,弘紹
37156,弘濟
37181,弘禕
37200,弘志
37206,弘式
37213,弘惠
37228,弘播
37234,弘景
37254,水心寺僧
37261,延京
37267,延栖
37274,孔戣
37288,孔巢父
37309,孔德紹
37315,孔伯昭
37322,孔紹安
37340,孔述睿
37347,孔戡
37354,孔顒
37362,孔戢
37369,孔周
37375,孔黨
37381,孔恂
37388,飛燕
37395,孫玄照
37406,孫訢
37412,孫玉汝
37431,孫霽
37455,孫頲
37462,孫發
37492,孫璐
37503,孫鄠
37509,孫子多
37515,孫子端
37522,孫位
37604,孫仁本
37610,孫處士
37620,孫頠
37630,孫儲
37636,孫綺
37642,孫緯
37666,孫偓
37708,孫叔向
37720,孫佺
37738,孫徵
37744,孫徽
37755,孫濟
37761,孫沅
37774,孫潑
37780,孫沖
37786,孫逸
37792,孫肇
37803,孫棨
37835,孫逖
38075,孫直
38083,孫堯夫
38094,孫朴
38100,孫革
38116,孫構
38122,孫翃
38138,孫格
38145,孫秦
38152,孫輅
38159,孫蜀
38170,孫昌胤
38182,孫明
38189,孫路
38209,孫願
38215,孫愿
38228,孫鳳
38240,孫勝
38246,孫會
38255,孫公度
38269,孫郃
38275,孫簡
38286,孫光憲
38292,孫瑩
38300,武譚
38309,武諤
38315,武翊黃
38321,武三思
38399,武元衡
38645,崔玉
38995,杜嘉興
39140,陸書
39404,武平一
39514,武儒衡
39520,武崇訓
39526,武灌
39532,武蘊之
39539,武懿宗
39550,武瑴
39556,武椽
39566,武幹
39572,武輅沙
39579,武昌妓
39585,武則天
39865,武全通
39872,武少儀
39885,武常
39892,強蒙
39916,碧玉
39922,碧玉
39929,孟彥深
39953,孟郊
41121,孟元翊
41129,孟雲卿
41170,孟孺卿
41180,孟球
41197,孟融
41206,孟融
41212,孟瑤
41218,孟子雲
41225,孟邕
41231,孟休鑒
41249,孟守
41261,孟賓于
41310,孟寂
41324,孟涉
41331,孟述
41337,孟洗然
41346,孟浩然
42346,本闍黎
42607,孟昶
42621,孟遲
42635,孟楚客
42641,孟楚材
42648,孟嘏
42656,孟夷庚
42662,孟昌圖
42668,孟昭圖
42674,孟郢
42689,孟貫
42748,孟知祥
42754,孟翔
42774,孟簡
42908,孟光
42913,鄧珽
42919,鄧瑤
42925,鄧魴
42934,鄧紫陽
42940,鄧洵美
42946,鄧芮
42956,鄧茂
42964,瓊貞
42971,弓嗣初
42984,翟正師
42990,翟玉
43004,子龍
43018,子烈
43025,子蘭
43041,子蒙
43047,子超
43053,子泰
43060,邢羣
43085,邢君牙
43091,邢濟
43114,邢巨
43126,鞏疇
43132,尹元凱
43148,尹璞
43160,尹徵
43171,尹縱之
43178,尹樞
43231,尹蔓
43236,尹植
43243,尹思貞
43249,尹鶚
43254,尹公亮
43260,尹愔
43267,瞀光
43267,𧦬光
43299,君素
43321,司空璲
43326,司空圖
43558,司空曙
44360,司馬承禎
44423,司馬盧谿
44430,司馬復
44437,司馬逸客
44449,司馬札
44457,司馬都
44468,司馬扎
44502,邵謁
44528,邵安石
44539,邵大震
44550,邵楚萇
44576,邵拙
44582,邵軫
44588,邵昇
44606,邵景
44623,邵錫
44630,柔卿
44637,耿慶禮
44643,耿仁忠
44653,耿湋
45271,重幽
45277,重沼
45283,重蓮
45289,重本
45305,重鈞
45314,住一
45338,喬詡
45347,喬琳
45409,喬備
45415,喬侃
45421,喬潭
45429,喬知之
45486,伭沙
45494,愛英
45500,焦遂
45509,季廣琛
45515,季崙
45521,季峯
45526,季操
45533,雙泉
45543,奚賈
45562,奚陟
45569,奚含象
45576,香能
45583,皎然
48028,毛干
48110,毛渙
48115,毛女
48122,毛女正美
48135,乘如禪師
48144,集文
48151,維摩暢
48158,維諒
48173,縞練
48192,上官庭芝
48204,上官儀
48291,上官媛
48297,上官婉兒
48352,步非煙
48382,仁貞
48388,能倫
48394,能光
48399,僊哥
48407,伍唐珪
48418,伍喬
48467,伍彬
48479,虛受
48485,虛海
48491,虛中
48556,盧商
48582,盧庾
48588,盧文若
48601,盧言
48622,盧玄晦
48628,盧新
48635,盧誥
48640,盧放
48647,盧說
48653,盧議
48660,盧霈
48674,盧元輔
48685,盧賈
48761,盧弘宣
48773,盧發
48794,盧延讓
48838,盧建
48844,盧孟明
48861,盧琚
48866,盧子順
48884,盧耿
48894,盧順之
48909,盧仁炯
48916,盧虛舟
48925,盧虔
48952,盧虔灌
48966,盧卓
48972,盧貞
49064,盧貞國
49070,盧經濟
49081,盧鼎
49087,盧嵩
49118,盧崇道
49131,盧綬
49138,盧獻卿
49146,盧緘
49156,盧儲
49167,盧休
49173,盧幼平
49235,盧仲舒
49247,盧績
49252,盧儼
49258,盧程
49266,盧偓
49272,盧象
49448,盧殷
49457,盧僎
49542,盧從愿
49552,盧綸
49837,裴卿
50175,皇帝
50616,李果毅
51425,盧宗回
51431,盧汀
51501,盧潛
51511,盧添丁
51516,盧潘
51522,盧巡
51534,盧洪
51540,盧邁
51547,盧邈
51553,盧鴻
51575,盧潯
51583,盧溵
51597,盧鄴
51620,盧激
51626,盧棨
51632,盧肇
51693,盧士玫
51722,盧士衍
51731,盧士準
51738,盧士舉
51744,盧士關
51757,盧克柔
51763,盧真
51775,盧式
51781,盧求
51788,盧載
51794,盧戡
51804,盧堪
51823,盧藏用
51895,盧
51919,盧極
51927,盧攜
51946,盧秦卿
51958,盧東表
51964,盧拱
51996,盧擇
52002,盧抱孫
52008,盧異
52015,盧景
52035,盧暉
52041,盧瞻
52051,盧郢石
52057,盧嗣業
52089,盧照鄰
52242,盧陟
52258,盧陲
52264,盧岳
52300,盧質
52307,盧周諒
52316,盧周鯨
52329,盧舉
52335,盧仝
52341,王內丘
52511,盧鉟
52522,盧鍼
52528,盧鈞
52555,盧簡辭
52564,盧簡求
52589,盧懷慎
52613,盧光濟
52621,盧尙書
52634,何元上
52663,何召
52669,何致雍
52678,何邕
52688,何崇
52694,何崇丘
52700,何仲宣
52719,何紹餘
52730,何蹇
52737,何兆
52757,何澤
52763,何遐
52769,何戡
52786,何昌齡
52805,何昌裕
52811,何后
52817,何陵俊
52824,行式
52858,行雲
52868,行融
52874,行寬
52998,衞賓
53004,衞憑
53010,衞次公
53018,衞南
53024,衞雄
53030,衞中行
53040,衞鈞
53047,虞說
53056,虞元長
53062,虞皐
53067,虞遜
53078,虞有賢
53085,虞姹
53091,虞世南
53120,處一
53152,處賓
53160,處默
53178,熊元皓
53184,熊孺登
53277,熊孺復
53297,熊渠
53305,熊士登
53314,熊執易
53321,熊曜
53349,卓英英
53364,師一
53370,師穎
53377,貞實
53383,貞素
53389,貞固
53398,柴榮
53405,紅線
53424,穎師
53435,豐干
53444,劇燕
53451,岑文本
53475,岑亞
53481,岑元和
53489,岑秉
53495,岑參
54987,關操
55096,岑贊
55113,岑倫
55119,岑況
55154,岑靜
55228,任要
55244,任瑗
55250,任生
55256,任翻
55270,任鵠
55275,任憲
55282,任宗
55288,任潛
55294,任希古
55333,任載
55344,任華
55366,任敬仲
55372,任肅
55378,任畹
55399,任疇
55406,任晦
55416,任公叔
55422,任懶
55429,崔立之
55456,崔充
55464,崔雍
55470,崔膺
55476,崔度
55482,崔慶孫
55488,崔文
55689,崔玄暐
55696,崔袞
55702,崔誠
55710,崔護
55717,崔郊
55727,崔韶
55798,崔放
55806,崔論
55824,崔元受
55833,崔元儒
55839,崔元翰
55964,崔晉
55976,崔珏
55994,崔瑨
56000,崔頊
56014,崔璞
56067,崔列
56075,崔弘
56088,崔弘禮
56094,崔廷
56101,崔琯
56108,崔瑾
56114,崔瓘
56120,崔琦
56143,崔琪華
56149,崔琳
56242,崔碣
56248,崔璐
56272,崔子玉
56277,崔子向
56385,崔羣
56491,崔邵
56500,崔致遠
56549,崔㻂
56570,崔季重
56581,崔禹錫
56591,崔仁亮
56603,崔能
56616,崔何
56634,崔倬
56656,崔紫雲
56662,崔稱
56670,崔穎
56676,崔胤
56689,崔峝
56695,崔嶠
56701,崔傅
56707,崔倚
56713,崔侑
56727,崔備
56781,崔俠
56787,崔俊
56795,崔偉
56804,崔偉公
56810,崔生
56820,崔純亮
56829,崔積
56835,崔侃
56841,崔總
56848,崔龜從
56883,崔魯範
56889,崔峒
57177,崔約
57191,崔叔淸
57197,崔叔封
57209,崔穉璋
57218,崔徽
57229,崔從質
57246,崔縱
57255,崔汶
57261,崔寧
57276,崔之仁
57290,崔安潛
57305,崔定
57311,崔寅亮
57317,崔宗之
57351,崔江
57357,崔涯
57367,崔沔
57384,崔潭峻
57398,崔福
57404,崔業
57413,崔泳
57419,崔逵
57447,崔遠
57453,崔禮
57459,崔溫
57465,崔澤
57471,崔湜
57589,崔潩
57599,崔逷
57605,崔遏
57611,崔遇
57617,崔濯
57623,崔渙
57651,崔淑
57661,崔澹
57667,崔凝
57678,崔滌
57684,崔過
57691,崔塗
57762,崔澣
57768,崔裕
57775,崔道融
57775,崔道難
57833,崔爽
57842,崔希逸
57849,崔存度
57857,崔志廉
57863,崔壽
57875,崔壽韓
57893,崔荆
57903,崔博
57925,崔娘
57931,崔載華
58007,崔艽
58013,崔恭
58021,崔萬
58033,崔謩
58038,崔莒
58045,崔權
58050,崔植
58061,崔坰
58068,崔懿伯
58078,崔翹
58101,崔杞
58101,崔𣏌
58174,崔櫓
58191,崔中舉
58200,崔夷甫
58206,崔泰之
58265,崔惠童
58290,崔表仁
58296,崔表臣
58302,崔素娥
58312,崔軒
58340,崔彧
58361,崔成輔
58367,崔成甫
58415,崔咸
58434,崔戎
58455,崔操
58462,崔敷
58470,崔日用
58582,崔日知
58648,崔國輔
58722,崔易
58728,崔昇
58738,崔固
58750,崔圓
58783,崔顥
58838,崔戢
58844,崔映
58851,崔曙
58906,崔嚴府
58912,崔嬰
58918,崔明
58926,崔明允
58932,崔昭
58962,崔昭緯
58968,崔昭愿
58974,崔鄲
59005,崔鄖
59082,崔鳳童
59088,崔膠
59094,崔郾
59123,崔興宗
59203,崔全
59209,崔鉉
59242,崔夔
59248,崔令欽
59254,崔弇
59260,崔善爲
59280,崔公信
59287,崔公佐客
59293,崔公佐
59299,崔公輔
59325,崔頌
59332,崔錡
59338,崔知賢
59360,崔知悌
59366,崔鈞
59372,崔欽
59387,崔邠
59452,崔鄯
59458,崔簡
59465,崔敏童
59472,崔策
59483,崔尙
59515,嵩起
59523,岸道
59535,利涉
59540,崇徽公主
59594,崇隱
59602,樂彥
59619,欒淸
59634,參寥子
59645,傅靄
59652,傅巖
59658,傅孝忠
59665,臧濆
59680,牟融
59793,斛斯融
59808,先業
59823,德玄
59835,德山
59840,德邁
59846,德光
59860,偉卿
59867,儲邕
59876,儲嗣宗
59912,儲光羲
60439,幼遐
60465,幼史
60472,贊寧
60477,贊普
60491,牛嶠
60501,牛徵
60507,牛僧孺
60812,牛希濟
60822,牛蔚
60828,牛鳳及
60835,仲文
60849,仲剬
60856,仲儀
60867,仲濬
60877,佛光
61406,朱文
61413,朱褒
61425,朱訓
61432,朱誠
61438,朱放
61598,朱元
61610,朱瓚
61617,朱子奢
61626,朱子真
61632,朱秀
61653,朱休
61659,朱特
61665,朱幼恭
61675,朱仲晦
61689,朱使欣
61699,朱自勉
61704,朱叔夜
61710,朱宿
61721,朱宴
61733,朱灣
61844,朱逵
61850,朱沖和
61860,朱迪
61867,朱況
61873,朱澤
61880,朱遐景
61887,朱道靈
61893,朱友謙
61906,朱去非
61920,朱越
61932,朱萬言
61938,朱觀
61954,朱超
61960,朱晝
61980,朱昉
61986,朱思賢
61992,朱黯
61998,朱昇
62007,朱景玄
62024,朱巨川
62024,朱灣（字巨川）
62038,朱長文
62070,朱全忠
62077,朱錫珪
62083,朱餘慶
62091,朱少端
62097,朱當敏
62103,白石
62113,白雲
62122,白雲
62127,白行簡
62200,白崔兒
62215,白巖
62225,白利
62232,白紵
62239,白幼文
62254,白龜兒
62268,白衫舉子
62274,白逸
62285,白椿夫
62291,白昊
62296,白羅子
62302,白居易
63549,于季友
66246,韋應物
68032,陽城
69876,白敏中
69959,自牧
69974,自遠
69991,自省
70003,皇甫豫
70010,皇甫政
70034,皇甫繼勳
70039,皇甫甸
70048,皇甫齡
70054,皇甫溫
70068,皇甫湜
70112,皇甫澈
70135,皇甫大夫
70141,皇甫垣
70147,皇甫荀
70156,皇甫松
70162,皇甫冉
70928,田濟
71117,鄭正則
71258,皇甫曙
71390,皇甫岳
71399,皇甫鏞
71450,皇甫會
71586,杜兼
71850,伯成
71857,伯齡
71863,伯陽
71870,泉陵
71879,儇師
71886,息夫牧
71924,魏廣
71934,魏正則
71943,魏元忠
71983,魏璞
72043,魏理
72056,魏季羔
72063,魏佑
72070,魏昇卿
72085,魏仲甫
72092,魏仲光
72098,魏稠
72105,魏叔虬
72115,魏徵
72154,魏深
72160,魏澈
72166,魏啓心
72172,魏萬
72188,魏萬成
72201,魏謩
72212,魏奉古
72237,魏扶
72282,魏氏
72288,魏羔
72295,魏兼遂
72307,魏知古
72327,魏簡能
72333,魏懍
72339,魏光乘
72346,吳彥融
72352,吳康仁
72360,吳平
72366,吳發
72372,吳延保
72383,吳磻
72389,吳武陵
72402,吳融
72677,吳航
72684,吳顗
72689,吳仁璧
72699,吳偃
72705,吳價
72711,吳巒
72716,吳崇岳
72724,吳綰
72730,吳宣
72737,吳之問
72751,吳守明
72760,吳官
72766,吳馮
72798,吳通微
72808,吳道隱
72814,吳士則
72820,吳士矩
72900,吳南卿
72912,吳樵
72918,吳姬
72924,吳顚
72930,吳越失姓名人
72969,吳越僧
72976,吳夢誾
72982,吳兢
72988,吳郁
72998,吳蛻
73009,吳圓
73025,吳氏
73032,吳隨君
73038,吳丹
73095,吳人
73101,吳筠
73177,吳少誠
73183,吳少微
73216,吳悅
73223,嶧桐
73230,和凝
73237,程序
73243,程延
73249,程千里
73256,程行諶
73268,程紫霄
73279,程德琳
73285,程皓
73292,程修己
73298,程浩
73306,程洛賓
73317,程異
73325,程騰
73332,程光範
73339,穆玄道
73345,穆元休
73351,穆贊
73358,穆寧
73364,穆寂
73370,穆栖梧
73376,穆員
73383,穆質
73394,穆賞
73418,歸一
73425,歸登
73431,歸信
73437,歸仁
73453,歸仁紹
73459,歸處訥
73464,歸崇敬
73493,歸藹
73499,歸黯
73505,歸氏子
73519,黎逢
73529,黎幹
73546,黎昕
73556,黎煟
73576,多美
73583,倪署
73589,倪曙
73596,仰山禪師
73608,向卿
73615,向恬
73621,修古
73627,修真
73633,修睦
73696,侯繼
73706,侯御
73713,侯潛
73719,侯溫
73741,侯道華
73747,侯圭
73753,侯喜
73779,侯春時
73785,侯固
73791,侯氏
73803,侯用晦
73810,侯釗
73846,侯愉
73854,殷亮
73860,殷文圭
73944,殷佐明
73944,殷明佐
73956,殷侑
73962,殷仲文
73969,殷穆
73975,殷以道
73981,殷永
73989,殷寅
74002,殷潛之
74012,殷淑
74027,殷遙
74054,殷堯藩
74078,王羽士
74297,殷華
74303,殷陶
74309,殷賢
74316,殷少野
74324,解琬
74337,解牧
74344,伊璠
74350,伊愼
74357,詹敦仁
74415,詹琲
74452,詹敬凝
74459,俱文珍
74467,鮑君徽
74475,鮑約
74490,鮑容
74496,鮑溶
74615,僧特
74722,范傳真
74732,范傳質
74858,鮑防
74896,范傳質
74977,烏行中
74984,鳥窠禪師
74993,鄔傪
74993,鄔慘
75005,鄔賁
75013,鄔載
75033,魚玄機
75131,魚思別
75138,魚又玄
75147,鄒儒立
75173,鄒結先
75180,鄒象先
75191,鄒紹先
75215,般若
75228,魯裕
75241,郜秩
75250,郜扶
75258,包融
75303,包何
75416,包穎
75427,包佶
75645,勾龍逢
75650,勾令元
75660,幻羣
75666,幻夢
75672,島雲
75678,島田忠臣
75703,粲臨
75711,紀唐夫
75718,緣有
75728,叔平
75734,紹明
75749,翛然
75756,徹公
75762,復禮
75774,復本
75781,僧鸞
75787,僧野
75794,從心
75811,從勗
75823,從益
75830,徐彥伯
75929,徐彥若
75935,徐彥夫
75941,徐高御
75947,徐商
75985,徐廣叔
75991,徐玄之
75997,徐放
76019,徐說
76025,徐五敎
76037,徐礪
76043,徐融
76062,徐羣
76068,徐玠
76074,徐仁友
76082,徐俊
76093,徐皓
76101,徐縝
76107,徐仲雅
76134,徐侃
76140,徐修矩
76150,徐夤
76406,無諸
76441,徐綸
76449,徐濟
76455,徐永元
76477,徐安貞
76513,徐安宜
76519,徐宗偃
76525,徐涵
76531,徐源
76543,徐浩
76622,徐溫
76628,徐渙
76635,徐凝
76785,徐太妃
76827,徐太后
76868,徐奭
76880,徐希仁
76917,徐戡
76923,徐敬業
76926,徐惠
76940,徐晶
76953,徐景暉
76959,徐晦
76982,徐堅
77033,徐鉉
77910,鍾謨
78056,徐介
78062,徐鍇
78132,徐俞
78138,徐知仁
78148,徐知道
78159,徐光溥
78175,鮮于晉
78186,鮮于仲通
78195,鮮于叔明
78203,鮮于秋
78209,鮮于炅
78215,鮮于映
78221,鮮于闍梨
78227,嵯峨天皇
78242,空海
78282,宣一
78288,宣皎
78294,宣律
78306,淮陽公主
78313,寇立
78319,寇至
78325,寇季膺
78331,寇泚
78343,寇坦
78365,寇氏
78376,寇錫
78384,房玄齡
78411,房元垂
78417,房元直
78428,房孺復
78453,房琯
78558,房子客
78589,房德裕
78598,房休
78605,房白
78612,房聳
78618,房濟
78625,房造
78631,房次卿
78643,房士淸
78649,房由
78665,房思玄
78672,房署
78681,房開士
78687,房益
78694,房夔
78702,甯原悌
78709,永讙
78717,永樂公主
78726,永穆公主
78733,永泰公主
78739,永昌公主
78749,永明
78756,寒山
78762,騫生
78770,宇文文府
78783,宇文融
78818,宇文褧
78825,宇文虞
78831,宇文鼎
78837,宇文遷
78846,宇文邈
78864,宇文南金
78871,宇文晁
78893,宇文臨
78899,宇文籍
78927,安樂郡主
78933,安樂公主
79096,安守範
79104,安容
79110,安鴻漸
79116,安祿山
79139,安萬善
79145,安都
79151,安鳳
79157,安錡
79164,突利可汗
79171,富嘉謨
79178,窅娘
79185,窈娘
79192,良乂
79200,良史
79213,定子
79224,定光
79231,實仁
79238,寶韻
79245,寶曆宮人
79256,竇庠
79270,王涯
79399,竇雲
79406,竇冀
79412,竇弘餘
79440,竇建德
79575,竇鞏
79736,竇禹鈞
79742,竇參
79752,竇牟
79907,竇德明
79914,寶臮
79920,竇叔向
79988,竇從一
79998,竇審
80004,竇審餘
80011,竇寶
80017,竇漸
80023,竇梁賓
80029,竇澤
80035,寶潏
80050,竇澣
80056,寶希玠
80084,竇嘉賓
80094,竇薄華
80101,竇蒙
80107,竇昉
80113,竇易直
80125,竇晦之
80138,竇公衡
80144,竇知言
80150,竇舒
80157,竇常
80309,宗晉卿
80319,宗璟
80326,宗魯
80332,宗密
80361,宗實
80370,宗極
80377,宗楚客
80420,宗靜
80426,宗氏
80452,宋齊丘
80489,宋文
80496,宋震
80528,宋廷芬
80536,宋璟
80659,宋邧
80674,宋垂文
80693,宋維
80705,宋態宜
80711,宋鼎
80736,宋休遠
80742,宋濟
80749,宋之望
80758,宋之問
81342,宋之悌
81352,宋泚
81359,宋渾
81367,宋次都
81374,宋垓
81381,宋希邈
81389,宋壽
81401,宋華陽
81407,宋若倫
81413,宋若憲
81425,宋若芬
81431,宋若華
81442,宋若茵
81448,宋若荀
81460,宋若思
81471,宋若昭
81495,宋申錫
81517,宋景
81523,宋陟
81533,宋愼言
81540,江文蔚
81557,江采蘋
81563,江準
81570,江滔
81576,江爲
81587,元汛
81594,汪倫
81607,汪濤
81613,汪遵
81632,馮齊整
81638,馮延巳
81652,馮延魯
81658,馮伉
81671,馮巖
81718,馮魯
81724,馮叔達
81797,馮定
81808,馮溫
81814,馮涓
81822,馮道
81837,馮存澄
81843,馮戡
81849,馮燕
81855,馮著
81896,馮陶
81902,馮少吉
81913,源宗
81919,源寂
81925,源寂
81944,源乾曜
82026,源光裕
82033,顧彥暉
82045,顧雲
82103,顧非熊
82359,顧及
82365,顧彪
82371,顧紹宗
82377,顧從真
82833,顧逢
82841,顧道流
82847,顧萇
82847,顧裏
82863,顧朝陽
82869,顧戒奢
82880,顧蟾
82886,顧長
82892,顧陶
82898,顧少連
82906,顧榮
82913,澄
82994,潘雍
83005,潘唐
83011,潘天錫
83017,潘孟陽
83048,潘承祐
83059,潘佑
83074,潘緯
83082,潘傳
83088,潘歸仁
83094,潘徽
83100,潘述
83210,潘爲
83217,潘好禮
83224,潘咸
83242,梁耿
83256,梁乘
83266,梁佾
83272,梁守謙
83278,梁宏
83284,梁寶
83295,梁浦
83301,梁補闕
83311,梁淑
83322,梁洽
83328,梁載言
83334,梁敬之
83342,梁肅
83371,梁國公主
83381,梁昇卿
83393,梁陟
83405,梁鎭
83411,梁鍠
83446,梁知微
83463,梁燭
83479,為山
83490,洗修白
83498,湛然
83504,湛賁
83520,沈褒
83526,沈顔
83533,沈詢
83555,沈麟
83563,沈亞之
83645,沈廷瑞
83659,沈千運
83688,沈卓
83700,沈旣濟
83708,沈師魯
83717,沈崧
83723,沈仲
83729,沈仲昌
83747,沈傳師
83864,沈叔安
83875,沈佺期
84235,薛崇胤
84309,沈福之
84316,沈述師
84334,沈沖
84344,沈次魯
84351,沈太淸
84358,沈存尙
84364,沈彬
84449,沈芳
84461,沈如筠
84471,沈鶴
84477,沈中
84484,沈東美
84502,沈單
84519,沈長源
84525,沈興宗
84540,沈翔
84546,沈光
84567,滿瑩娘
84573,法崇
84580,法和
84586,法宣
84592,法進
84597,法澄
84606,法通
84612,法朗
84619,法振
84690,法軌
84701,法照
84715,法鏡
84727,凌準
84735,浩初
84756,洪孺卿
84773,洪誓師
84780,褚亮
84820,褚三淸
84827,褚无量
84840,褚琇
84852,褚僑
84858,褚澡
84865,褚遂良
84893,褚載
84914,遠國
84920,遠公
84926,達奚珣
84938,造微
84974,沖沼
84981,淸幽
84987,淸徹
85006,淸洨
85015,淸涼
85021,淸江
85143,淸源
85149,淸演
85158,淸遠
85190,淸遠居士
85195,淸瀾
85200,淸古
85206,淸越
85231,淸觀
85237,淸散
85243,淸敬
85249,淸勵
85257,淸閑
85263,淸會
85282,淸尙
85294,油蔚
85301,神亮
85307,神龍從臣
85319,神秀
85324,神穎
85330,神和子
85336,神遘
85342,神邈
85354,神靜
85363,神照
85374,連總
85381,湘靈
85391,溫彥博
85400,溫商
85412,溫庭皓
85418,溫庭筠
85532,盧岵
86109,溫璋
86115,溫西華
86121,溫台
86127,溫德彝
86133,溫憲
86161,溫況
86167,溫初
86173,溫古
86180,溫翁念
86185,溫會
86202,湯衡
86281,湯淸河
86288,湯悅
86402,祝元膺
86414,昶法
86428,邊洞元
86436,還本
86443,汎虛舟
86450,洞雲
86459,鴻漸
86470,鴻楚
86477,鴻舉
86493,汲鵬
86500,渾瑊
86555,渾吉
86561,渾鎬
86571,渾鉅
86579,渾鐬
86585,渾鍊
86591,渾惟明
86598,洛真
86604,洛中舉子
86618,凝密
86625,次融
86632,滌武
86642,祖庸
86649,祖詠
86777,祖自虛
86784,祁樂
86793,祁岳
86806,迥
86815,退渾
86822,遙山
86828,遙見
86835,選人
86852,郎士元
87095,戴廣文
87254,郎 餘令
87268,滋野貞主
87279,冷然
87286,冷朝陽
87334,游簡言
87346,游符
87353,海岸
87359,海嶠
87365,海禪和
87371,海明
87377,海覺
87384,道諺
87391,道該
87402,道玄
87421,道一
87428,道琚
87434,道信
87440,道維
87446,道虔
87465,道俊
87482,道保
87488,道微
87494,道濟
87500,道寬
87506,道安
87513,道宗
87519,道潤
87525,道希
87535,道標
87544,道芬
87562,道恭
87568,道素
87578,道虬
87587,道成
87593,道契
87601,道器
87611,道月
87617,道光
87630,左偃
87669,左師
87675,左名場
87682,左輔元
87700,左興宗
87707,九仙公主
87713,九思
87721,大徹
87732,大寶
87738,大江朝綱
87773,大潙
87782,大通
87789,大夢
87795,大易
87801,大愚
87812,大明俊
87818,大願
87833,大覺
87855,大智
87862,太平公主
87966,太乙
87973,太乙子
87979,太白禪師
87985,太白道士
88015,太易
88025,查文徽
88030,在蒙
88034,在賀
88038,布燮
88043,希運
88047,希道
88052,南詔驃信
88060,南一
88066,南卓
88068,副戎
88103,南越
88115,南雅
88121,南卿
88128,南鑒
88135,皮崇
88142,皮日休
88275,裴謨
89616,志彌
89622,志幽
89634,志空
89642,志凝
89648,志堅
89655,赤松
89665,李主簿
89682,李亶
89692,李亨
89721,李彥佐
89730,李彥遠
89740,李齊物
89746,李方
89755,李方玄
89775,李方直
89781,李方陵
89787,李商隱
90908,李廓
90958,李康
90964,李康成
90971,李庚
90979,李唐
90985,李文
90991,李文嶷
91004,李文仲
91011,李文遠
91017,李文通
91023,李文明
91029,李文略
91036,李文炬
91042,李讓山
91048,李讓夷
91071,李諒
91139,李褎
91169,李玄
91180,李襄
91188,李顔
91193,李謜
91203,李端
91808,戴廣文
92238,李端端
92244,李新
92250,李訥
92294,李謨
92300,李靖
92317,李毅
92325,李詞
92331,李詡
92343,李誦
92382,李韶
92388,李說
92400,李誨
92406,李譜
92412,李正己
92417,李正辭
92423,李正封
92459,李靈夔
92469,李丕
92476,李璡
92492,李璋
92498,李元謹
92504,李元系
92510,李元紘
92522,李元淳
92532,李元爽
92538,李元嘉
92549,李元素
92563,李元軌
92571,李元軌
92577,李元規
92583,李元操
92595,李元景
92601,李元嬰
92613,李千
92613,李干
92623,李平陽
92629,李再榮
92635,李石
92646,李西華
92652,李百藥
92696,李霅
92703,李晉肅
92710,李雲
92720,李玭
92740,李玼
92832,李棐
92840,李登
92846,李瑀
92872,李弘
92911,李弘冀
92924,李延陵
92948,李延年
92967,李琦
92973,李聽
92978,李琪
92990,李礎
93000,李融
93012,李建
93150,李逢勳
93304,李瑝
93312,李璟
93441,李瑒
93447,李羽
93463,李羽
93484,李珣
93489,李瑕
93515,李瓊
93521,李玖
93527,李承
93536,李豫
93565,李子智
93571,李羣玉
93759,馮姬
94024,李羣之
94030,李翼
94035,李璬
94043,李璘
94049,李重俊
94064,李重茂
94074,李億
94106,李舜弦
94115,李倍
94124,李季
94131,李季何
94137,李季良
94145,李季友
94151,李維深
94157,李縞
94164,李紋
94170,李上[莫言]
94176,李銜
94182,李仁行
94189,李仁肇
94197,李仁鈞
94203,李行修
94210,李行父
94216,李行敏
94222,李虞
94244,李虞仲
94256,李偕
94262,李頻
94825,李衡
94836,李師稷
94842,李師道
94849,李師素
94856,李師晦
94871,李貞
94904,李貞白
94910,李岑
95090,李崙
95096,李嶷
95109,李邕
95187,李嶠
95549,李山甫
95692,李崇嗣
95705,李參
95710,李俌
95716,李獻仁
95722,李傅
95735,李綰
95741,李佐
95753,李德誠
95759,李德脩
95765,李德潤
95774,李德裕
96365,李德成
96371,李德輿
96389,李倰
96396,李休
96402,李勉
96475,李皓
96484,李幼成
96495,李幼舉
96502,李幼卿
96548,李岐
96554,李岵
96560,李贊
96566,李贊華
96573,李紺
96581,李縝
96618,李績
96618,李續
96635,李生
96645,李仲
96651,李仲宣
96661,李仲宣
96677,李傳
96682,李紳
97222,李純
97304,李白
97306,雍尊師
97696,張垍
98667,李令問
98860,荀媼
99288,懷素
99514,李伯康
99525,李伯魚
99536,李伯宜
99556,李伯禽
99562,李慑
99581,李皋
99604,李皋
99610,李艎
99616,李峴
99635,李嶧
99641,李緗
99647,李和風
99653,李程
99738,李穆
99765,李繹
99771,李龜禎
99777,李龜年
99787,李僴
99794,李修源
99801,李仍叔
99840,李象
99846,李殷
99852,李殷
99867,李殷衡
99880,李儋
99911,李佋
99917,李翱
99972,李舟
99984,李嶼
99991,李粲
99999,李粲
100005,李約
100021,李紓
100155,李叔卿
100162,李叔愼
100169,李絳
100230,李復
100243,李復禮
100275,李從訓
100283,李從謙
100294,李從珂
100300,李從實
100306,李從遠
100313,李從貴
100319,李從益
100334,李從善
100347,李從榮
100363,李收
100376,李紛
100382,李縱
100497,李嶸
100504,李宣
100518,李宣古
100542,李沆
100552,李濟
100559,李汶
100565,李汶儒
100578,李寧
100606,李寧
100612,李寬
100618,李寬中
100625,李宥
100631,李永
100650,李永
100770,李家明
100786,李適
100909,李適之
101062,李之遙
101069,李之芳
101134,李進賢
101140,李宓
101150,李憲
101217,李守微
101223,李守禮
101229,李宏皋
101235,李審
101241,李良
101252,李密
101259,李定言
101282,李賓
101289,李實
101295,李宗閔
101370,李宷
101376,李涉
101541,李潛
101558,李涵
101564,李源
101571,李福
101580,李福
101598,李顧
101604,李顧言
101628,李憑
101638,李冽
101644,李淵
101663,李漼
101669,李叢
101680,李潘
101694,李祇
101709,李近仁
101715,李遜
101726,李泌
101793,李適
102011,李浦
102017,李泳
102030,李冶
102092,李治
102262,李湛
102286,李沈
102293,李漪
102300,李渤
102385,李濤
102395,李浩弼
102401,李洪
102435,李禕
102453,李祐
102459,李祐
102465,李祜
102477,李遠
102491,碧溪
102570,李達
102572,大德
102575,李淸
102589,李湊
102596,李溱
102603,李神通
102611,李迪
102617,李湯
102632,李湯
102638,李渭
102644,李湜
102651,李暹
102664,李渢
102673,李渥
102679,李洞
103167,李洵
103178,李潮
103184,李潤
103190,李淑
103196,李溟
103221,李凝
103227,李凝
103245,李凝
103254,李次雲
103260,李次虛
103266,李深
103279,李深之
103286,李深源
103293,李冠
103306,李逸
103312,李通
103318,李通微
103326,李迥秀
103360,李逢吉
103534,李軍道
103540,李鄴
103547,李瀚
103553,李澣
103568,李裕
103574,李裕
103580,李遂
103586,李遂良
103592,李道實
103598,李道樞
103626,李道昌
103632,李道堅
103639,李肇
103653,李乂
103881,李九齡
103896,李友路
103902,李士
103908,李士良
103914,李士巽
103920,李臺卿
103926,李直方
103945,李克恭
103959,李布
103965,李希言
103979,李希烈
103997,李希遇
104003,李存穆
104010,李存勖
104015,李嘉祐
104045,王衢
104594,李吉甫
104722,李壽朋
104727,李賁
104734,李垣
104740,李樞
104748,李樞言
104754,李栖梧
104760,李栖筠
104782,李標
104793,李圻
104807,李式
104813,李戡
104818,李越賓
104824,李協
104830,李封
104836,李翥
104867,李藩
104876,李藩
104891,李花開
104897,李芃
104903,李蘭
104910,李勸
104923,李蒙
104929,李蔚
104961,李茂勳
104967,李藏器
104973,李蕙
104979,李莘
104988,李執方
104998,李萬
105009,李蓀
105015,李摯
105021,李摯
105027,李華
105068,李謩
105074,李藹
105080,李世武
105086,李世民
105436,李甘
105449,李某
105457,李權
105463,李植
105469,李蘊
105490,李林甫
105545,李坤載
105558,李棲桐
105633,李如實
105635,朱瑱
105638,李賀
105776,柳惲
105829,李柷
105837,李楫
105846,李均
105854,李郁
105860,李朝士
105865,李朝隱
105878,李穀
105937,李款
105944,李翰
105949,李翰
105955,李敬方
105970,李敬玄
105980,李敬伯
105998,李中
106595,李中秀
106601,李中華
106607,李中敏
106620,李聿
106626,李夷偶
106633,李夷遇
106645,李夷鄴
106650,李夷道
106656,李夷簡
106727,李接
106733,李晝
106745,李泰
106758,李靑
106764,李冑
106764,李胄
106774,李惠
106780,李忠臣
106788,李專美
106798,李冉
106823,李奉宗
106829,李秦授
106835,李揆
106859,李播
106886,李輔國
106896,李搏
106910,李成
106916,李成矩
106922,李咸
106929,李咸用
107083,劉三禮
107147,李甫
107153,李戎
107159,李撝
107165,李勣
107185,李抱玉
107194,李抱真
107204,李抱朴
107211,李擢
107217,李掾
107223,李輈
107233,李敖
107241,李昉
107267,李旦
107290,李日知
107308,李墨卿
107318,李暠
107330,李晟
107349,李思齊
107355,李黯
107361,李黯
107368,李昇
107380,李昇期
107384,李昇
107384,李昪
107417,李回
107437,李回
107446,李園
107456,李昌岠
107461,李昌峒
107468,李昌巙
107477,李昌鄴
107484,李昌期
107490,李昌時
107500,李昌符
107527,李固
107534,李昂
107583,李昂
107604,李景章
107613,李景讓
107639,李景信
107674,李景參
107680,李景先
107686,李景伯
107692,李景儉
107801,李景述
107808,李景逵
107818,李景達
107827,李景逷
107837,李景遂
107853,李顯
109156,李曛
109170,李貽孫
109177,李曄
109193,李曄
109242,李畼
109260,李囂
109266,李貺
109273,李曜
109284,李明化
109291,李明遠
109297,李暇
109303,李昭
109319,李昭訓
109325,李昭象
109373,李瞑
109379,李郢
109561,李嗣業
109567,李嗣真
109574,李喻之
109581,李晦羣
109587,李隲
109606,李頎
109618,康洽
109716,盧象
110068,李愿
110093,李匡
110106,李巨
110124,李氏
110130,李助
110137,李肱
110148,李體仁
110154,李陽冰
110174,李堅
110181,李風
110188,李隆業
110199,李隆基
111458,李周
111464,李岡
111470,李朋
111490,李用夫
111496,李屬
111502,李鵬
111514,李丹
111520,李問政
111526,李閬之
111535,李巽
111545,李賢
111556,李騰空
111565,李全交
111571,李益
112094,李錞
112100,李夔
112111,李羲叟
112118,李令
112131,李令從
112143,李令問
112149,李兼
112176,李義
112182,李義府
112193,李普
112199,李善白
112205,李公佐
112211,李公佐僕
112217,李余
112223,李鐔
112232,李铏
112238,李錡
112248,李鍠
112254,李鍠
112261,李錫
112267,李知誨
112273,李銘
112279,李愬
112323,李翔
112347,李範
112428,李範
112435,李節
112447,李節度姬
112461,李管兒
112467,李餘
112530,李策
112538,李策
112546,李繁
112552,李懷遠
112558,李懷果
112563,李懷杲
112574,李愔
112580,李少康
112601,李少安
112608,李少賓
112614,李光顏
112652,李光弼
112688,李光進
112695,李光宰
112702,李尙隱
112708,李當
112721,李炎
112765,李炎
112771,李恆
112778,李恆
112812,李憕
112824,李恬
112830,李忱
112916,李燁
112922,李煜
112997,李恂
113005,李惲
113015,李榮
113038,韋廑
113048,韋序
113061,韋應物
113527,崔肅懿
113655,密尉
113894,李繫
114773,韋康
114780,韋廣
114790,韋袞
114797,韋証
114803,韋端
114900,韋諷
114914,韋正貫
114920,韋元甫
114927,韋元旦
115015,韋元質
115022,韋元常
115028,韋夏卿女
115093,韋雲叟
115104,韋班
115118,韋玎
115124,韋珩
115130,韋弘景
115147,韋武
115225,韋瓘
115265,韋建
115278,韋瓊
115284,韋瑤
115290,韋弼
115296,韋承慶
115312,韋承總
115319,韋承貽
115342,韋子春
115357,韋羣
115364,韋信
115370,韋顗
115380,韋仁實
115396,韋虛己
115403,韋行立
115409,韋處厚
115470,韋卓
115476,韋彪
115483,韋鼎
115489,韋邕
115496,韋山甫
115502,韋繇
115508,韋繇
115514,韋纁
115520,韋臧文
115529,韋仕符
115536,韋僅
115542,韋德孫
115549,韋德恭
115555,韋儹
115555,韋攢
115571,韋縝
115604,韋續
115614,韋仲堪
115620,韋律
115626,韋岫
115638,韋績
115644,韋皇后
115663,韋伯達
115669,韋皋
115763,韋穆
115769,韋向
115780,韋彖
115786,韋象
115792,韋響
115799,韋郜
115806,韋濟
115834,韋滂
115840,韋宥
115846,韋之晉
115869,韋宇
115875,韋安石
115910,韋良宰
115918,韋賓
115924,韋宗仁
115931,韋渠牟
115964,韋冰
115975,韋冰
115982,韋叢
115988,韋潘
116001,韋述
116025,韋湛
116031,韋渚
116037,韋洪
116053,韋造
116061,韋津
116068,韋淸
116074,韋況
116091,韋溫
116097,韋渢
116105,韋洵美
116115,韋澳
116121,韋淑
116151,韋澹
116157,韋迢
116179,韋遵
116192,韋道安
116198,韋道沖
116204,韋士
116212,韋有夏
116218,韋壽
116229,韋壽朋
116242,韋式
116249,韋載
116266,韋戴
116277,韋莊
116457,僧益
116654,杜晏
116764,韋執誼
116775,韋執中
116811,韋楚
116821,韋楚老
116841,韋黃裳
116852,韋權與
116852,韋權輿
116860,韋覲
116866,韋穀
116878,韋抗
116896,韋靑
116902,韋挺
116908,韋成緒
116921,韋損
116933,韋抱貞
116940,韋蟾
116993,韋繫
117002,韋整
117008,韋見素
117014,韋思明
117020,韋早
117026,韋晤
117032,韋瞻
117041,韋昭應
117047,韋昭度
117054,韋嗣立
117267,韋贍
117273,韋辟彊
117284,韋陟
117298,韋匡贊
117304,韋長
117325,韋丹
117364,韋賢
117371,韋貫之
117377,韋全真
117396,韋益
117408,韋介
117425,韋弇
117436,韋鉦
117442,韋鏗
117457,韋銀娘
117466,韋籌
117473,韋恆
117530,吉中孚
117616,吉騊駼
117622,吉益
117629,壽安公主
117635,去華
117641,去秦
117650,袁高
117702,袁廣
117708,袁郊
117714,袁天綱
117720,袁璀
117720,袁瓘
117736,袁仁敬
117748,袁偁
117759, 袁傪
117769,袁傪
117769,袁慘
117812,袁德師
117827,袁皓
117842,袁稠
117851,袁修
117858,袁朗
117864,袁滋
117888,袁肇
117894,袁都
117903,袁暉
117921,袁長卿
117928,袁同直
117935,真珠
117941,真珠
117951,真珠
117964,真珠
118004,來鵠
118004,來鹏
118023,來濟
118040,杭
118049,樵夫
118056,栖玄
118062,栖一
118074,栖白
118074,棲白
118193,杯渡
118200,彭伉
118218,彭仁
118227,彭偃
118234,彭芮
118245,彭
118245,彭蟾
118255,彭果
118263,坂上今雄
118278,蒯亮
118288,蒯希逸
118315,荆浩
118326,荆人
118333,姚康
118350,姚庭珪
118356,姚端
118370,姚覃
118376,姚發
118383,姚巖傑
118399,姚係
118422,姚崑客
118429,姚崇
118476,姚怤
118491,姚向
118508,姚郜
118514,姚鵠
118644,姚紹之
118658,姚倫
118670,姚安之
118676,姚潛
118683,姚洎
118690,姚南仲
118703,姚栖筠
118709,姚曠
118716,姚驥
118722,姚月華
118738,姚誾
118747,姚合
120009,周敬復
120073,鍾渾
120356,姚舒
120363,靳恆
120370,韜光
120399,博載
120408,裘駕
120416,越賓
120434,越公
120448,戴偃
120454,戴叔倫
120670,耿湋
120954,李賀
121356,戴迪
121362,戴公懷
121395,戴簡
121409,朴充
121415,朴球
121420,朴昂
121434,封彥卿
121448,封元寂
121454,封行高
121462,封渭
121472,封敖
121492,封常淸
121528,董庭蘭
121540,董晉
121554,董頲
121564,董武
121577,董召南
121583,董侹
121597,董嘉榮
121603,董奉先
121609,董黯
121614,董氏
121621,蓋庭倫
121627,蓋還
121635,范玄
121643,范元凱
121658,范季明
121679,范縉
121692,范崇凱
121698,范勉
121705,范傳正
121748,范傳貞
121785,范的
121797,范酇
121815,范倫
121821,范宣
121827,范淹
121835,范邈
121842,范啓東
121851,范堯佐
121858,范希朝
121868,范朝
121874,范攄
121882,范成君
121888,范杲
121893,范鄖
121899,范質
121904,范金卿
121910,范燈
121922,勤照
121934,蒲禹卿
121940,夢龜
121945,夢微
121951,夢英
121960,萼嶺書生
121967,苑咸
121989,花敬定
122001,莊納
122007,莊翱
122017,莊南傑
122022,莊若訥
122029,芮逢
122036,蕭立
122042,蕭慶中
122059,蕭證
122066,蕭正
122072,蕭至忠
122132,蕭元植
122139,蕭平叔
122144,蕭項
122150,蕭璿
122157,蕭瑀
122174,蕭建
122191,蕭翼
122203,蕭衡
122209,蕭穎士
122366,蕭嵩
122424,蕭獻士
122431,蕭綰
122481,蕭俶
122488,蕭叔子
122495,蕭復
122512,蕭徹
122519,蕭寘
122527,蕭實
122534,蕭寶
122540,蕭必先
122546,蕭治
122553,蕭祜
122595,蕭遠
122604,蕭遘
122611,蕭沼
122618,蕭鄴
122624,蕭澣
122645,蕭存
122663,蕭華
122679,蕭世
122685,蕭楚材
122692,蕭堤
122699,蕭彧
122765,蕭掄
122771,蕭炅
122777,蕭昕
122814,蕭鄲
122820,蕭公瑜
122830,蕭策
122837,蕭籍
122848,蕭悅
122872,藤原淸河
122892,藤原刷雄
122898,蔣岑
122904,蔣德山
122910,蔣伸
122917,蔣儼
122923,蔣渙
122950,蔣乂
122960,蔣志
122969,蔣吉
122979,蔣華
122985,蔣挺
122991,蔣晁
122998,蔣貽恭
123017,蔣暉
123023,蔣防
123048,蔣肱
123060,蔣鈞
123071,茂英
123083,藏山
123090,藏休
123097,藏真
123104,蓮花妓
123127,慕容承
123136,慕容損
123143,恭順皇后
123150,蘇雍
123156,蘇廣文
123178,蘇端
123191,蘇詵
123191,蘇誅
123205,蘇瓌
123225,蘇震
123232,蘇晉
123250,蘇頲
123722,蘇弘
123738,蘇球
123744,蘇撰
123760,蘇綰
123781,蘇特
123787,释倩
123793,蘇纓
123805,蘇修
123817,蘇鯈
123823,蘇紹之
123829,蘇寓
123837,蘇源明
123906,蘇換
123906,蘇渙
123936,蘇求
123942,蘇世長
123948,蘇拯
123954,蘇因
123960,蘇景胤
123978,蘇景修
123984,蘇味道
124035,蘇瞻
124046,蘇氏
124055,蘇簡簡
124061,蘇粹
124068,孝甫
124075,萬齊融
124091,萬盈
124097,萬經
124103,萬德躬
124109,萬迴
124116,萬楚
124126,萬互
124126,萬巨
124140,萬互之
124147,萬彤雲
124154,莫宣卿
124161,樊琯
124169,樊瓘
124176,樊珣
124193,樊宗師
124230,樊宗憲
124246,樊澤
124270,樊素
124280,樊晃
124295,樊驤
124307,樊氏
124334,韓席
124343,韓章
124376,韓襄
124386,韓平
124392,韓雲卿
124411,韓瑷
124417,韓琮
124433,韓嶼
124439,韓垂
124445,韓綽
124464,韓休
124477,韓昇卿
124484,韓續
124490,韓仲宣
124511,韓紳卿
124525,韓皐
124543,韓偓
124543,韓惺
124568,元戎
124875,韓嶼
124881,韓約
124887,韓絳
124901,韓準
124914,韓定辭
124925,韓賓
124933,韓察
124940,韓涉
124947,韓潭
124954,韓汯
124960,韓法昭
124968,韓洄
124976,韓湘
125016,韓滉
125016,韓绳
125060,韓昶
125073,韓乂
125079,韓士
125088,韓喜
125124,韓老成
125130,韓朝宗
125152,韓翃
125152,韓翗
125834,韓幹
125840,韓樽
125853,韓泰
125901,韓揆
125908,韓蛻
125926,韓思彥
125937,韓曄
125950,韓瞻
125982,韓昭
126003,韓昭裔
126009,韓氏
126015,韓氏
126027,韓質
126045,韓鵬
126051,韓熙載
126103,韓貫之
126112,韓勝
126119,韓愈
126532,穎師
127419,韓弇
127430,韓會
127443,華頂
127463,華松
127471,英才
127477,英英
127499,苗斌
127505,苗贊
127511,苗丕
127517,苗晉卿
127542,苗發
127544,孫德諭
127707,苗武仲
127713,苗垂
127723,苗紳
127739,苗粲
127766,苗縱
127772,苗愔
127785,若冰
127796,著明
127803,葛氏女
127812,薛彥偉
127818,薛彥輔
127825,薛膺
127835,薛棄
127842,薛誼
127868,薛元超
127884,薛平
127895,薛廷珪
127901,薛廷範
127908,薛耽
127929,薛重
127940,薛季景
127947,薛季昌
127953,薛能
128312,薛鼎臣
128324,薛嵩
128330,薛巖賓
128336,薛邕
128391,薛崇胤
128398,薛種
128404,薛弁
128415,薛台
128423,薛昇華
128432,薛仲方
128438,薛純
128448,薛自勸
128455,薛保雍
128467,薛稷
128525,薛舟
128531,薛彝
128537,薛復
128545,薛收
128552,薛宜僚
128558,薛良史
128564,薛近
128570,薛業
128580,薛濤
128788,薛洪
128796,薛逢
129019,薛裕
129025,薛道封
129033,薛乂
129044,薛克構
129051,薛存誠
129080,薛眘惑
129093,薛媛
129099,薛載
129107,薛戴
129116,薛蒙
129123,薛蔓
129129,薛苹
129142,薛華
129153,薛華
129159,薛華
129171,薛邽
129177,薛中裕
129183,薛據
129276,薛播
129302,薛彧
129316,薛戎
129323,薛景文
129338,薛景仙
129350,薛晷
129356,薛貽矩
129370,薛勛
129376,薛曜
129397,薛昭
129403,薛陽陶
129432,薛閔
129438,薛丹
129444,薛卿敎
129450,薛令之
129457,薛兼訓
129476,薛公達
129483,薛靜
129502,甘洽
129516,菅原淳茂
129521,菅原道真
129589,楚霄
129595,楚雲
129610,楚瓊
129616,楚巒
129622,楚萍
129628,楚兒
129641,楚金
129649,黃平素
129661,黃璞
129675,黃巖
129681,黃山隱
129692,黃崇嘏
129705,黃和新
129711,黃賓于
129721,黃滔
130176,黃遂
130182,黃頗
130209,黃幡綽
130215,黃構
130221,黃較
130227,黃損
130233,黃輅
130239,黃蟾
130246,黃曄
130263,黃暉
130269,黃鶚
130275,黃檗
130281,黃知新
130287,黃筌
130294,村寺僧
130300,蔡廣成
130312,蔡文慶
130334,蔡京
130367,蔡融
130373,蔡君知
130391,蔡孚
130430,蔡希魯
130438,蔡希寂
130465,蔡希周
130477,蔡希曾
130487,蔡雄
130499,蔡國公主
130511,綦毋誠
130521,綦毋潛
130679,綦毋咸
130686,葉元良
130688,李適
130698,葉涵象
130710,葉蒙
130719,葉翹
130728,萊兒
130742,杜彥珠
130749,杜奕
130775,杜韶
130782,杜正倫
130782,杜正偷
130794,杜亞
130820,杜元穎
130884,杜元絳
130890,杜元志
130900,杜雲卿
130906,杜孺林
130912,杜承
130950,杜秀芝
130957,杜顗
130976,杜頻
130983,杜潁
130990,杜占
130997,杜師義
131003,杜紅兒
131009,杜穎
131024,杜豐
131032,杜崇簡
131037,杜佐
131050,杜德祥
131057,杜偉
131071,杜佑
131095,杜歸和
131109,杜翻
131115,杜牧
132162,杜牧
132168,杜秋娘
132173,杜濟
132189,杜審言
132338,杜審權
132345,杜宗文
132363,杜宗武
132384,杜淹
132398,杜鴻漸
132488,杜士瞻
132498,杜希望
132513,杜式方
132519,杜越
132526,杜勤
132532,杜華
132539,杜荀鶴
132689,崔太博
132714,休禪和
132993,喻亮
133026,覺禪和
133122,杜黃裳
133135,杜蘊
133145,杜觀
133155,杜觀
133185,杜如晦
133196,杜中立
133203,杜甫
136591,杜晃
136599,杜易簡
136605,杜晦
136611,杜阿宜
136617,杜陟
136623,杜驥子
136632,杜勝
136650,杜羔
136681,杜兼
136696,杜善賢
136703,杜光庭
136725,杜悰
136790,杜慥
136797,杜惲
136807,桂雍
136821,桂仲武
136828,權袞
136837,權龍褒
136856,權璩
136872,權衡
136878,權德輿
137751,李城門
137845,韋渠牟
138444,權皋
138452,權南仲
138459,權曙
138466,權器
138506,權昭夷
138518,權長孺
138535,蘊讓
138540,蘊微
138547,植功
138554,横飛
138569,林袞
138587,林番
138593,林嵩
138604,林幽素
138613,林傑
138628,林復
138637,林寬
138651,盧攜
138707,林宗
138720,林逢吉
138726,林滋
138742,林希劉
138748,林藻
138760,林楚才
138766,林蘊
138806,林暈
138811,林氏
138818,林鐸
138824,林簡言
138831,樓穎
138858,棲真
138864,棲蟾（栖蟾）
138889,棲閑
138896,獨孤雲
138911,獨孤及
139377,獨孤崇
139387,獨孤峻
139406,獨孤皇后
139420,獨孤實
139439,獨孤漸
139446,獨孤汜
139457,獨孤朗
139463,獨孤樟
139469,獨孤郁
139487,獨孤明
139493,獨孤助
139499,獨孤册
139509,獨孤拽
139515,獨孤煥
139522,如獻
139531,如空
139537,如滿
139543,如展
139573,如智
139580,如範
139586,賀敱
139592,賀仲宣
139598,賀自真
139608,賀遂亮
139619,賀遂涉
139633,賀蘭廣
139644,賀蘭進明
139656,賀蘭朋吉
139665,賀蘭銛
139674,賀若察
139695,賀朝
139728,賀朝淸
139742,賀知章
139863,柏巖
139881,柏茂琳
139910,柏耆
139917,相里造
139938,相里同禕
139945,槐廣
139957,楊廉
139976,楊文瓘
139982,楊譚
140003,楊望
140009,楊於陵
140117,楊再思
140138,楊頊
140142,楊瑗
140167,楊弘貞
140181,楊弘微
140191,楊發
140225,楊廷玉
140231,楊環
140237,楊瓊
140250,楊尋
140271,楊子華
140277,楊重玄
140283,楊千秋
140295,楊行元
140301,楊虞卿
140363,楊處厚
140377,楊偁
140383,楊衡
140554,楊師道
140643,楊穎士
140652,楊鼎文
140695,楊台鼎
140702,楊綰
140709,楊侁
140716,楊德元
140734,楊德宗
140753,楊幼樞
140761,楊贊禹
140777,楊贊圖
140807,楊續
140820,楊伯成
140826,楊皞
140841,楊歸厚
140926,楊魯士
140939,楊郇伯
140945,楊紹復
140952,楊徽之
140968,楊收
140995,楊濟
141005,楊之梁
141011,楊之罘
141018,楊宇
141024,楊牢
141041,楊涉
141047,楊潛
141053,楊濬
141132,楊漢公
141175,楊汝士
141396,楊凌
141439,楊邈
141445,楊濯
141451,楊洵美
141457,楊凝
141505,楊凝式
141531,楊迢
141549,楊鄴
141554,楊遂初
141560,楊太真
141602,楊克儉
141608,楊希道
141621,楊女
141627,楊戴
141638,楊苧蘿
141644,楊茂卿
141654,楊燕
141660,楊苹
141666,楊執一
141675,楊華
141693,楊攀
141703,楊著
141713,楊萊兒
141729,楊嘏
141735,楊敬之
141759,楊敬述
141765,楊松陵
141771,楊泰師
141773,紀朝臣
141776,楊秦卿
141784,楊援
141792,楊成規
141800,楊戎
141807,楊持
141813,楊抑卿
141820,楊轍
141849,楊轔
141855,楊國忠
141870,楊思玄
141880,楊昇
141887,楊嚴
141893,楊嗣復
142005,楊贍
142012,楊陟
142018,楊巨源
142704,楊氏
142710,楊氏
142736,楊氏妓
142746,楊氏
142759,楊氏
142768,楊興義
142772,楊閑
142778,楊金
142784,楊錥
142790,楊夔
142841,楊兼
142847,楊義方
142853,楊鉅
142859,楊知至
142880,楊知溫
142888,楊欽望
142894,楊籌
142901,楊炎
142939,楊炯
143045,楊炯燗
143051,楊煥
143070,均
143082,懿宗朝舉子
143105,鶴林
143112,麴信陵
143137,麴象
143147,麴瞻
143156,歡娘
143163,朝宗
143174,朝美
143181,郄彝素
143187,郄昂
143214,好約
143220,好直
143229,胡証（胡證）
143272,胡詠之
143277,胡謙光
143283,胡靈之
143305,胡元範
143327,方千
143333,胡予女
143339,胡紫陽
143350,胡參卿
143356,胡休
143365,胡皓
143408,胡伯崇
143414,胡翽
143421,胡象
143427,胡宿
143450,胡泟
143456,胡濬
143463,胡泛
143471,胡遇
143500,胡鴻蘊
143506,胡澳
143512,胡逸
143518,胡汾
143541,胡楚真
143547,胡權
143554,胡杲
143576,胡果
143582,胡暉
143588,胡駢
143594,胡騰兒
143613,胡曾
143620,都良香
143629,都在中
143634,都腹赤
143648,柳論
143654,柳震
143663,柳玭
143679,柳瑫
143685,柳珪
143691,柳建
143698,柳璟
143709,柳仲郢
143728,柳伯存
143735,柳宣
143741,柳淳
143750,柳官迪
143756,柳宗言
143762,柳宗一
143768,柳宗元
144302,柳宗直
144308,柳泥
144315,柳渾
144354,柳喜
144361,柳雄
144369,柳芳
144375,柳枝
144401,柳淡
144446,柳中隱
144452,柳圓
144460,柳明
144467,柳氏
144484,柳幷
144490,柳谷汧
144497,柳公綽
144530,柳公權
144563,柳鎭
144579,柳當
144585,柳棠
144615,杼山
144624,格輔元
144631,乾康
144650,乾晝
144683,乾素
144690,敬龍
144698,敬超先
144704,敬括
144710,敬晊
144722,敬翔
144729,松常
144743,狄仁傑
144762,狄歸昌
144771,狄佩
144777,狄宗亨
144783,狄博濟
144789,狄博通
144795,狄兼謨
144824,狄光遠
144831,妙奘
144838,妙空
144851,妙女
144858,趙彥伯
144877,趙彥昭
145011,趙慶
145017,趙謙光
145031,趙元陽
145048,趙雲卿
145056,趙孟
145062,趙歌兒
145068,趙璘
145082,趙伉
145098,趙季黃
145104,趙順直
145111,趙仁獎
145137,趙穎
145142,趙貞固
145169,趙仙舟
145183,趙
145189,趙崇
145209,趙德
145215,趙象
145236,趙俶
145243,趙冬曦
145356,趙叔達
145368,趙縱
145385,趙縱
145392,趙縱
145398,趙宣輔
145404,趙滂
145411,趙準
145425,趙宗儒
145445,趙宗道
145451,趙冽
145462,趙神德
145473,趙涓
145524,趙祝
145531,趙鴻
145544,趙棨
145551,趙支
145564,趙晳
145579,趙載
145586,趙莒
145592,趙蕃
145599,趙林
145606,趙蕤
145622,趙觀文
145643,趙柷
145650,趙嘏
145991,韋瓘
146221,趙𣏌
146227,趙格
146233,趙中虛
146246,趙國珍
146253,趙昌
146264,趙曜
146280,趙頤貞
146296,趙氏
146307,趙氏
146324,趙陸
146330,趙隨
146337,趙驊
146349,趙同
146354,趙含章
146360,趙知音
146366,趙舒
146372,趙光裔
146382,趙光胤
146390,趙光遠
146402,趙光逢
146417,趙常
146424,趙常盈
146433,趙炎
146446,趙悅
146455,中孚
146466,中孚
146472,中寤
146478,中宗朝優人
146489,史虛白
146517,史仲宣
146530,史脩文
146536,史憲忠
146542,史寰
146548,史宷
146554,史近
146560,史澤
146566,史朝義
146574,史申
146580,史靑
146586,史拱
146599,史思明
146612,史昭
146618,史欽
146633,史惟則
146640,申稷
146646,申胡子
146652,申堂構
146659,車儔
146672,夫蒙靈詧
146680,泰娘
146686,泰恭
146694,靑童
146700,靑陽
146711,惠韻
146716,惠琮
146722,惠律
146728,惠空
146737,惠江
146748,惠淨
146756,惠澤
146762,惠暹
146769,惠中
146787,惠昌
146793,惠明
146799,惠雅
146815,惠尼
146827,婁師德
146842,婁圖南
146860,春梅
146867,秦弱蘭
146872,秦系
147136,秦宗權
147142,秦韜玉
147171,秦顒若
147179,秦尙運
147189,東方虬
147196,東東
147203,輕鳳
147210,攄浩然
147216,軒轅彌明
147223,軒轅偉
147230,拓拔思恭
147241,拓善
147250,挺贇
147258,靜虛
147264,靜樂縣主
147270,靜居
147282,戈牢
147297,輔翼
147323,輔先
147330,盛安
147336,盛小叢
147360,成應元
147367,成務崇
147372,成汭
147390,威賁
147416,成輔端
147422,成威
147428,成用
147436,威
147451,咸安公主
147458,戎昱
147745,戒休
147759,慧度
147767,慧能
147772,慧稜
147784,慧宣
147810,慧淨
147829,慧則
147836,慧覺
147844,曹唐
147914,曹文姬
147920,曹霸
147935,曹璩
147942,曹確
147969,曹季良
147975,曹生
147985,曹税
147991,曹鄴
148033,李甘
148113,曹汾
148120,曹圭
148138,曹娘
148150,曹桐椅
148160,曹松
148424,鄭谷
148449,曹愚
148455,曹別勑
148467,曹昭用
148481,曹剛
148497,曹同椅
148507,曹鈞
148523,費冠卿
148602,費驤
148609,暢璀
148617,暢當
148775,揚嚴
148783,擇高
148790,擇棲
148797,契玄
148807,契盈
148828,契直
148834,契苾通
148841,拾得
148850,唯貞
148860,日曜
148867,晁采
148885,晁衡
148914,最澄
148945,國邵南
148951,國香
148957,國淸
148967,國賢良
148974,易方質
148986,易標
148992,易思
149015,思玄
149022,思託
149028,黑齒常之
149035,田章
149048,田就
149054,田玉卿
149060,田頵
149067,田弘正
149112,田琦
149119,田羣
149144,田順郎 
149153,田仁義
149160,田卓
149170,田穎
149187,田牟
149193,田徹
149208,田澄
149215,田灣
149225,田梁丘
149236,田神功
149252,田澈
149259,田遊巖
149292,田布
149306,田昉
149312,田光
149319,昇平公主
149365,畢諴
149376,畢構
149382,畢乾泰
149389,畢抗
149401,畢曜
149401,畢耀
149460,呂讓
149478,呂諲
149490,呂護
149497,呂上
149503,呂頻
149521,呂巖
149571,沈東老
149590,黃龍
149675,呂向
149705,呂儉
150048,呂渭
150118,呂太一
150124,呂恭
150158,呂炅
150196,呂杲
150203,呂果
150210,呂食
150224,回雪
150233,曇靖
150239,橘逸勢
150244,曇延
150273,曇壁
150299,曇興
150314,曇智
150321,貝韜
150328,員嶠
150334,員稷
150350,圓珍
150356,圓仁
150362,圓寂
150369,圓載
150392,圓昉
150411,圓明
150417,圓鑒
150428,景玄
150442,景龍文館學士
150448,景地
150462,羅讓
150479,羅袞
150494,羅劭權
150501,羅劭興
150513,羅稚川
150519,羅約
150525,羅紹威
150541,羅鄴
150543,方千
150619,羅道琮
150630,羅中
150636,羅虬
150666,羅隱
151208,李儇
151512,令狐滈
151676,羅隱之
151686,毗陵
151693,顥雅
151700,默然
151723,時溥
151729,時暹
151736,嗜酒道人
151742,嚴廣休
151748,嚴詵
151754,嚴謨
151775,嚴元容
151781,嚴震
151807,嚴礪
151819,嚴武
152000,嚴維
152228,丘義興
152379,嚴嶷
152390,嚴綬
152469,嚴休復
152540,嚴續
152550,嚴續姬
152556,嚴紳
152573,嚴伯均
152584,嚴龜
152595,嚴灌夫
152602,嚴湘
152608,嚴澗
152614,嚴凝
152620,嚴士元
152638,嚴士良
152648,嚴越卿
152654,嚴秦
152662,嚴揆
152669,嚴損之
152675,嚴易
152681,嚴照郎
152687,嚴公素
152694,嚴惲
152718,明瓚
152723,明悉獵
152733,明準
152739,明道
152746,明楚
152758,明惠
152764,明素
152770,明契
152777,明覺
152784,昭華公主
152791,昭瑩
152798,路齊暉
152805,路應
152880,路羣
152887,路巖
152893,路德延
152905,路隋
152924,路貫
152932,鄂姬
152944,喻鳧
153159,喻坦之
153203,噲岑
153212,雅覺
153219,阮昉
153229,阮汎
153235,阮芳顔
153243,阿稽
153251,阿容
153258,阿汪
153264,阿軟
153281,阿最
153287,阿段
153310,陟霞
153317,陟遐
153325,厲玄
153409,厲霆
153424,厲翼
153429,厲宗
153435,厲圖南
153451,厙狄履溫
153474,馬正卿
153481,馬云奇
153500,游大德
153516,馬子喬
153521,馬致恭
153527,馬儒乂
153533,馬處直
153539,馬胤孫
153545,馬昇卿
153553,馬紳
153559,馬總
153638,馬向
153644,馬殷
153659,馬惣
153666,馬寬
153673,馬達
153680,馬造
153687,馬逢
153704,馬祖
153710,馬乂
153716,馬希振
153723,馬希範
153742,馬吉甫
153747,獨孤九
153756,馬戴
154023,楊巨源
154161,馬艾
154168,馬植
154196,馬如文
154202,馬挺
154211,馬彧
154222,馬擇
154233,馬異
154252,馬巨
154258,馬巽
154264,馬令
154274,馬懷素
154342,馬炫
154347,馬燧
154385,匡一
154391,匡緒
154397,匡白
154404,區弘
154417,巨川
154432,巨川
154438,巨川
154449,巨源
154462,長文
154473,長孫正隱
154486,長孫霞
154493,長孫佐輔
154506,長孫繹
154515,長孫漸
154521,長孫皇后
154531,長孫沖
154542,長孫棲嶠
154548,長孫全緒
154558,長孫無忌
154589,長孫鑄
154601,長寧公主
154663,長源
154670,長林公主
154677,劉競
154683,劉彥
154689,劉彥貞
154695,劉方
154701,劉方平
154755,劉方輿
154771,劉商
155036,劉庭琦
155047,劉文
155054,劉文樹
155060,劉言史
155102,婆羅門
155173,劉端夫
155180,劉斌
155186,牛弘
155207,劉敦質
155238,劉正元
155244,劉三復
155278,劉瑗
155285,劉瑑
155333,劉承介
155340,劉子翼
155345,劉子英
155356,劉乙
155372,劉禹錫
155979,尹果毅
157564,楊儀之
157654,敬昕
159014,劉仁師
159020,劉偃
159026,劉虛白
159033,劉行敏
159060,劉處靜
159065,劉潁
159071,劉師服
159089,劉師命
159101,劉巖
159108,劉巖夫
159115,劉崇望
159122,劉崇德
159129,劉崇龜
159146,劉崇譽
159152,劉台
159157,劉鹹
159164,劉綰
159173,劉値
159179,劉贊
159185,劉贊
159191,劉稹
159197,劉傳經
159204,劉伯芻
159212,劉伯華
159225,劉得仁
159615,劉皋
159621,劉修
159627,劉象
159637,劉奐
159646,劉舟
159652,劉魯風
159661,劉紹
159667,劉復
159697,劉從政
159704,劉從周
159710,劉沆
159716,劉潼
159722,劉濟
159737,劉寬夫
159748,劉憲
159890,劉安
159896,劉容
159905,劉寰
159911,劉涵
159917,劉灣
159933,劉必先
159939,劉漢宏
159945,劉禕之
159981,劉造
159993,劉洎
160007,劉溫
160023,劉遇
160031,劉洞
160046,劉凝
160053,劉迥
160061,劉鄴
160067,劉滄
160157,劉逖
160163,劉太白
160184,劉太冲
160196,劉太真
160281,劉友賢
160289,劉士涇
160296,劉南史
160303,劉希夷
160323,劉眘虛
160385,劉真
160408,劉頗
160417,劉式
160423,劉萱
160429,劉茂
160442,劉恭
160449,劉孝孫
160479,劉華
160485,劉蕃
160506,劉楚
160514,劉蕡
160537,劉棲楚
160547,劉駕
160601,劉猛
160639,劉敬之
160645,劉梲
160651,劉松
160660,劉泰
160666,劉泰娘
160672,劉專經
160679,劉採春
160685,劉咸允
160692,劉威
160733,劉戒之
160739,劉耕
160758,劉軺
160767,劉蟾
160773,劉蛻
160787,劉日新
160798,劉昱
160804,劉晃
160815,劉思復
160821,劉晏
160884,劉昇
160896,劉景
160902,劉景陽
160908,劉顒
160917,劉顥
160925,劉暌
160931,劉跂
160937,劉映
160944,劉單
160962,劉瞻
160972,劉昭禹
160986,劉騭
160991,劉巨鱗
161000,劉巨容
161006,劉長上
161012,劉長川
161487,裴式微
161518,孫沅
161777,穆諭德
162545,薛承規
162550,薛承矩
162613,獨孤及
163253,劉隱辭
163260,劉朓
163267,劉隆
163273,劉同廙
163280,劉展
163287,劉舃
163293,劉叉
163331,劉全白
163357,劉翕習
163372,劉羲叟
163383,劉無得
163389,劉兼
163462,劉谷
163485,劉公亮
163492,劉公濟
163518,劉公達
163525,劉公輿
163536,劉知新
163542,劉知幾
163548,劉知遠
163554,劉鈞
163579,劉懷一
163586,劉炎
163593,丘亢
163600,丘齊雲
163605,丘元
163612,丘夏
163618,丘上卿
163630,丘儒
163643,丘岑
163649,丘健
163656,丘絳
163662,丘涔
163668,丘爲
163739,丘拱
163746,丘丹
163873,丘小府
163879,丘光庭
163891,隱空
163904,岳雪
163910,岳雲
163927,尉遲羽之
163933,尉遲汾
163968,尉遲敬德
163975,陸調
163981,陸敦禮
163987,陸亘
163993,陸珽
164002,陸瑛
164009,陸羽
164213,陸子
164235,陸貞洞
164250,陸鬯
164256,陸傪
164256,陸參
164285,陸勳
164292,陸龜蒙
165706,陸景初
165730,陸僧辯
165737,陸瀍
165760,陸邃
165800,陸淹
165806,陸洿
165806,陸绔
165820,陸達
165832,陸澧
165888,陸渭
165909,陸涓
165917,陸迅
165924,陸逢
165931,陸海
165937,陸士佳
165947,陸士修
166000,陸士倫
166006,陸墉
166017,陸希聲
166023,陸楚源
166031,陸贄
166046,陸棣
166054,陸敬
166072,陸據
166079,陸搢
166085,陸暢
166220,陸擢
166226,陸景獻
166235,陸長源
166341,陸肱
166374,陸堅
166394,陸勝
166401,陸兼
166407,陸餘慶
166428,體休
166437,體如
166445,陳彥
166460,陳彥博
166477,陳商
166507,陳文林
166514,陳章甫
166531,陳京
166556,陳詠
166561,陳諫
166568,陳望堯
166574,陳翊
166574,陳詡
166598,陳讜言
166604,陳玉蘭
166610,陳丕
166616,陳元初
166652,陳元裕
166664,陳元光
166679,陳霸
166685,陳百年
166691,陳可封
166697,陳孫
166699,陳允初
166707,陳磻
166715,陳羽
166844,陳珦
166850,陳子良
166862,楊素
167254,陳政
167264,陳致雍
167278,陳致堯
167283,陳喬
167298,陳季
167310,陳上卿
167317,陳偃
167327,陳卓
167333,陳衡
167339,陳鼎
167345,陳嵩伯
167351,陳嶠
167364,陳德誠
167383,陳嶢
167390,陳歸
167400,陳倜
167407,陳嶰
167413,陳稠
167420,陳叔達
167426,陳微
167432,陳沆
167438,陳房
167446,陳永
167458,陳守
167464,陳宗儒
167471,陳洪進
167478,陳祐
167484,陳潤
167495,陳鴻
167501,陳通方
167507,陳裕
167512,陳乂都
167518,陳雄
167526,陳希烈
167546,陳希畋
167552,陳存
167563,陳嘉言
167581,陳去疾
167600,陳樵
167614,陳標
167635,陳式
167641,陳式五
167650,陳孝山
167656,陳懿老
167664,陳嘏
167675,陳翊
167708,陳表用
167714,陳據
167721,陳甫
167727,陳搏
167736,陳輦
167742,陳掾
167749,陳景孚
167755,陳昈
167761,陳曙
167766,陳貺
167772,陳昭用
167778,陳彤
167785,陳肱
167792,陳覺
167799,陳陶
167811,三藏
168006,陳兼
168021,陳智周
168027,陳銳
168038,陽伯明
168046,陽濟
168062,陽浚
168069,隆公
168076,覺真
168082,覺照
168088,覺興
168096,覺公
168107,月君
168113,月真
168120,同儒
168126,同谷子
168134,周彥暉
168146,周彥昭
168154,周庠
168170,周諫
168176,周元靜
168188,周元範
168295,周璉
168307,周君巢
168331,周秀
168337,周顗
168343,周顓
168349,周師範
168369,周岌
168376,周繇
168459,周利用
168466,周皓
168482,周侃
168489,周魯儒
168495,周宏祚
168501,周寶
168524,周宗
168537,周述
168545,周浩
168552,周況
168563,周渭
168569,周士閑
168597,周載
168604,周朴
168695,周萬
168705,周賀
169064,周墀
169216,周奉御
169221,周昉
169228,周思鈞
169240,周景復
169247,周愿
169272,周匡物
169278,周剛
169284,周隱客
169301,周后
169307,周頌
169314,周鉞
169320,周鉷
169326,周惟長
169332,周惲
169339,陶雍
169351,陶詳
169363,陶峴
169369,陶榖
169369,陶穀
169388,陶翰
169442,陶銑
169449,履霜
169456,服柏
169463,居遠
169470,眉娘
169480,屈突陝
169487,駱峻
169497,駱賓王
169736,駱士則
169742,駱用錫
169752,閔廷言
169759,聞一
169766,丹霞
169773,開元
169780,開悟
169788,段文昌
169872,段平仲
169895,段弘古
169919,段羣
169927,段秀實
169950,段宥
169956,段東美
169962,段成式
170228,段覺
170244,段懷然
170251,母丘元
170269,留從效
170285,閭丘方遠
170293,印粲
170309,卿雲
170315,卿卿
170322,關盼盼
170359,閻濟美
170374,閻寬
170381,閻宷
170404,閻士和
170441,閻朝隱
170509,閻敬愛
170515,閻防
170551,閻陟
170558,歐陽袞
170581,歐陽詢
170597,歐陽玭
170603,歐陽瓚
170609,歐陽秬
170615,歐陽詹
170940,歐陽澥
170946,歐陽彬
170969,歐陽炯
170987,興公
170994,貫休
171267,張雷卿
171616,九峯
171659,李真
172278,貫微
172298,貫徽
172306,閑霄
172313,鑒玄
172326,鑒休
172333,鑒真
172358,鑒周
172365,陰行先
172378,臨遇
172385,勝雲
172392,滕充
172398,滕珦
172414,滕白
172420,滕倪
172426,滕宗諒
172432,滕邁
172456,全玭
172462,全濟時
172468,金五雲
172474,金可紀
172480,金鑾子
172492,金憲英
172508,金城公主
172599,金夷吾
172610,金夷魚
172617,金昌宗
172623,金厚載
172635,金長
172642,鏡空
172649,翁襲明
172655,翁承贊
172802,翁承檢
172811,翁傑
172820,翁宏
172835,翁洮
172860,翁希愈
172866,翁鑒載
172873,介庵
172879,俞鈞
172886,分定
172893,舞柘枝女
172900,令諲
172906,令宣
172912,令狐彰
172918,令狐彰
172943,令狐纁
172949,令狐德棻
172971,令狐岫
172977,令狐絢
172977,令狐綯
173088,令狐克己
173094,令狐定
173123,令狐渙
173134,令狐楚
173797,令狐巨源
173804,令孤煥
173810,令圖
173817,令閑
173824,無言
173830,無可
174016,李光顔
174100,韓湘
174338,無礙
174345,無能
174351,無行
174361,無得
174367,無作
174373,無染
174380,無夢
174413,無晝
174419,無盡
174425,無本
174438,無表
174444,無學
174457,無懷
174469,慈恩寺沙門
174471,李治
174475,慈覺
174481,姜發
174487,姜皎
174502,姜宣
174508,姜濬
174517,姜撫
174523,姜晞
174530,羊滔
174537,羊士諤
174795,羊昭業
174849,義舟
174855,義淨
174963,義演
174969,義初
174975,義操
174980,義陽公主
174993,普岸
174999,普化
175007,普寧公主
175023,普恭
175029,普門
175070,善行
175089,善生
175107,善才
175113,善本
175122,曾德邁
175132,曾黯
175138,曾昭瑩
175145,會如
175152,含弘
175159,含曦
175171,公孫器
175178,鍾離權
175199,鍾謨
175245,鍾季文
175251,鍾皇后
175257,鍾紹京
175264,鍾蒨
175303,鐵山
175310,錢元璀
175316,錢元珣
175321,錢元璫
175351,錢元懿
175360,錢可復
175366,錢弘倧
175377,錢弘偡
175384,錢弘佐
175395,錢珝
175411,錢子辛
175417,錢俶
175431,錢徽
175610,錢宇
175616,錢起
176196,準上人
177036,常衰
177146,錢契明
177152,錢鏐
177274,錢箕
177280,錢少陽
177290,錢恂
177307,知章
177313,知玄
177315,僧澈
177325,知建
177331,知古
177337,知乾
177343,知聞
177349,知興
177355,知全
177361,知金
177368,智度
177374,智玄
177384,智新
177390,智謙
177403,智舟
177409,智滿
177415,智遠
177421,智達
177429,智通
177436,智朗
177442,智雄
177448,智栖
177454,智藏
177460,智藏
177467,智如
177473,智體
177479,智光
177490,欽用
177497,鄭立之
177503,鄭方
177510,鄭言
177517,鄭京昭
177523,鄭諴
177550,鄭諤
177562,鄭放
177568,鄭說
177614,鄭讜
177620,鄭正則
177631,鄭玉華
177637,鄭亞
177653,鄭元
177660,鄭元璹
177668,鄭元規
177674,鄭覃
177681,鄭雲逵
177690,鄭弘憲
177702,鄭延昌
177708,鄭延美
177714,鄭瓘
177720,鄭碏
177725,鄭鄠
177731,鄭務
177737,鄭子寬
177744,鄭子周
177752,鄭羣
177761,鄭璘
177776,鄭魴
177782,鄭仁表
177803,鄭仁軌
177808,鄭仁規
177826,鄭虔
177886,鄭處誨
177919,鄭豐
177932,鄭巢
177950,崔行先
178019,鄭允謨
178026,鄭傪
178034,鄭台
178040,鄭佶
178046,鄭續
178052,鄭伯璵
178058,鄭絪
178110,鄭殷
178116,鄭殷彝
178128,鄭儋
178148,鄭綱
178162,鄭倫
178168,鄭徽
178174,鄭復
178180,鄭從讜
178188,鄭從志
178195,鄭宥
178204,鄭騫
178210,鄭憲
178217,鄭準
178235,鄭容
178252,鄭審
178288,鄭寶
178294,鄭寂
178300,鄭灊
178305,鄭潛曜
178317,鄭泛
178324,鄭述誠
178338,鄭灌
178344,鄭神力
178351,鄭洎
178357,鄭況
178363,鄭溫琦
178369,鄭涓
178380,鄭還古
178386,鄭洞
178395,鄭洵
178403,鄭溵
178413,鄭朗
178428,鄭澣
178506,鄭祥
178520,鄭遨
178543,鄭士
178549,鄭希顔
178557,鄭南史
178563,鄭南金
178570,鄭賁
178584,鄭槪
178615,鄭樸
178621,鄭式瞻
178629,鄭堪
178637,鄭蕘
178650,鄭蔚
178657,鄭茂休
178664,鄭薰
178698,鄭楚材
178705,鄭權
178725,鄭模
178739,鄭轂
178745,鄭起
178750,鄭申府
178756,鄭史
178774,鄭表
178781,鄭據
178802,鄭摸
178808,鄭損
178834,鄭思遠
178840,鄭愚
178862,鄭田
178867,鄭晏
178881,鄭昌圖
178892,鄭炅之
178899,鄭毗
178905,鄭顥
178928,鄭畋
178950,鄭璧
178971,鄭巨
178977,鄭長源
178983,鄭陵
178989,鄭居中
178995,鄭丹
179006,鄭閣
179012,鄭興宗
179019,鄭俞
179046,鄭義真
179052,鄭谷
179867,鄭谷
179877,鄭鍊
179886,鄭錫
179910,鄭鋼
179918,鄭朔陽
179926,鄭鎰
179935,鄭符
180007,鄭餘慶
180083,鄭惟忠
180095,鄭愔
180224,舒元輿
180299,舒雅
180310,竹谷
180317,第五琦
180333,簡栖
180342,符載
180358,符蒙
180370,敏巢
180377,管城
180400,小子弟
180421,惟詳
180427,惟一
180438,惟貞
180444,惟儼
180454,惟審
180461,惟良
180476,惟直
180481,惟真
180487,惟真
180493,惟恭
180499,惟幹
180505,惟素
180513,惟勣
180519,惟則
180525,惟照
180525,惟鑒
180537,惟賞
180544,懷一
180550,懷玉
180562,懷浦
180568,懷楚
180574,懷坦
180580,懷觀
180586,懷素
180666,懷靜
180672,懷契
180678,懷暉
180685,懷光
180692,少微
180739,少淸
180747,光
180764,光儀
180771,光業
180779,光澤
180785,光味
180792,党曄
180802,尙顔
180917,常袞
181017,常謙光
181024,常一
181030,常吾直
181042,常建
181119,常仲孺
181126,常伯能
181132,常修
181142,常究子
181149,常定宗
181155,常寂
181168,常淸
181174,常著
181180,常曾
181192,常卻
181199,省文
181205,省玄
181211,省己
181217,省空
181223,省吏
181230,米嘉榮
181238,米都知
181245,恆璨
181263,恆寂
181278,恆操
181285,悟空
181303,愼言
181309,愼氏
181317,性空
181324,惸
181332,灼灼
181339,榮九思
181341,李元吉
181345,崔鶯鶯
181347,太白隱者
181348,太和公主
181349,太昱
181350,太原妓
181351,呂述
181352,呂溫
181353,呂從善
181364,太守
181368,淸晝
181391,𧦬公
181450,淸晝
181531,宇文三
181579,王灣
181580,王沂
181586,王福娘
181589,王濬
181593,王潛
181609,王懿昌
181636,耿湋
181745,靈聰
181748,靈[巩言]
181751,靈仙
181754,靈紀
181757,靈澈
181808,同蹄某
181838,張直公
181849,張勸
181866,元載
181895,于訢
181898,于瓌
181901,于武陵
181910,于孟叔
181913,于羣
181919,于邵
181922,于政世
181925,于千齡
181938,高從誨
181940,高適
181995,徐明甫
182013,石賁
182058,弘顗
182061,弘泉
182075,孫魴
182081,孫峴
182081,孫現
182093,孫樵
182099,孫闢
182193,尹懋
182195,君貺
182269,杜甫
182276,裴璆
182276,裴謬
182281,盧康
182283,盧言
182284,盧玄休
182287,盧冀
182288,盧弘止
182290,盧弘本
182292,盧瑾
182294,盧羣
182303,盧健
182315,重巽
182318,喬廣
182324,喬匡舜
182329,盧徹
182340,盧徵
182359,𧦬上人
182485,岑勛
182486,岑羲
182491,崔玄亮
182494,崔元略
182495,崔元範
182497,崔石
182498,崔雲娘
182503,崔珙
182504,崔融
182509,崔琛
182514,崔季文
182517,崔仁寶
182541,淸畫
182556,崔真甫
182557,崔求
182561,崔嘏
182566,崔播
182577,崔頒
182582,崔少玄
182595,德輝
182609,牛元翼
182614,淸晝
182616,仲子陵
182618,朱慶餘
182634,朱信
182635,朱千乘
182636,朱審
182640,朱壇
182641,朱茂琳
182717,盧栯
182718,盧坦
182720,盧景亮
182726,盧周仁
182740,自覺
182780,魏珪
182806,釋仁貞
182816,鄧太玄
182869,徐憲
182874,徐泳
182876,徐邁
182879,徐士衡
182907,房千里
182925,竇羣
182970,馮宿
182985,顧況
183003,澄秀
183006,澄江
183009,澄觀
183012,冰禪
183015,凈虛
183022,潘圖
183037,陸敬
183076,溫造
183081,橘逸勢
183115,南楚材
183159,裴濟
183188,李顯（唐中宗）
183192,李珏
183193,李裴
183198,李琮
183248,張弘
183279,張綰
183283,張仲素
183302,于季友
183353,李㟧
183366,李德新
183372,李德鄰
183387,趙旭
183412,車濤
183419,春草
183425,秦姝
183451,曹原椅
183455,契衡
183467,昇上人
183469,呂熲
183471,呂從慶
183483,曇域
183486,景煥
183495,𧦬光
183578,淸畫
183596,劉京
183598,劉諝
183599,劉璐
183681,劉長卿
183687,不空
183754,耿湋
183763,楊太真
183838,莎地
183854,孫仙侶
183870,禪定
183907,三藏
183908,三藏
183922,何仲舉
183928,何扶
183936,行滿
183939,行勤
183942,行如
183945,行堅
183948,衞崇簡
183951,衞伯玉
183955,衞象
183991,李氏
184009,李頎
184020,顏真卿
184036,李憶
184064,起度
500014,僧晏
500025,僧晏
500038,勤思齊
500045,東谿谷
500055,閭丘宿松
500114,李蒙
500134,丘直方
500137,李觀
500150,臥雲
500249,陸灞
500286,陳庾
500312,陳子昂
500335,陳子美
500343,東林
500388,翁承裕
500400,令狐緒
500454,鄭愕
500479,定慧
500498,董武
500512,無了
500513,無著
500514,無照
500580,李叔齊
500582,李叔度
500588,淸畫
500613,蘇仙
500626,李溥
500631,李漢
500633,李瀆
500644,李世民
500673,宇文六
500677,悟空
500696,裴虔餘
500700,裴衡
500704,裴例
500707,裴循
500713,裴邕
500716,裴德符
500719,裴儔
500755,韋偃
500771,韋㭊貫
500807,古之奇
500810,吉皎
500816,吉逾
500835,真空
500838,真勝
500841,木平
500844,索暹
500847,索曲
500939,封亮
500961,蕭子真
500964,蕭縝
500967,蕭儼
500970,蕭俛
500987,藤原雅量
500995,張道隱
501046,杜立
501052,杜讓能
501062,杜位
501082,姚通泉
501097,揚旗
501202,權驊
501222,柏崖
501227,楊子琳
501228,楊乘
501244,楊貞一
501245,楊鼎夫
501251,楊利物
501254,楊台文
501261,楊勉
501268,楊達
501271,楊朗陵
501299,淸畫
501316,柳道
501329,趙能卿
501364,樊忱
501377,韓雄
501378,韓協
501389,韓巽
501401,華蓋君
501408,薛瑤英
501433,薛植
501455,楊憑
501464,李澣
501472,陸巖夢
501523,周娥皇
501530,白居易
501538,王遘
501550,高紹
501560,張錫
501573,裴循
501593,裴幼淸
501604,耿湋
501613,裴休
501626,王緯
501692,張薦
501698,李益
501704,王遘
501705,齊翔
501710,巨川
501715,盧藻
501723,楊秦卿
501724,仲文
501742,王遘
501752,王緯
501814,鍾蒨
501862,王遘
501870,長孫無忌
501871,房玄齡
501873,李幼卿
501874,謝勮
501875,羊滔
501876,薛戎
501877,李嶠
501879,劉憲
501880,崔湜
501881,鄭愔
501882,趙彥昭
501884,蘇頲
501885,盧藏用
501886,馬懷素
501887,薛稷
501888,宋之問
501889,陸景初
501915,上官倢伃
501942,吉潛
501951,王緯
501958,喬舜
501961,仲文
501981,疾
501982,澄淸
501983,巨川
501987,盧真
502016,劉全白
502025,從心
502046,王緯
502069,耿湋
502090,喬舜
